cliente_id,campanha_id,abriu_email,clicou,converteu
198,4,0,0,0
735,3,1,0,0
32,4,1,0,0
354,4,1,0,0
676,4,0,0,0
728,5,0,0,0
976,6,1,1,0
101,10,1,0,0
803,4,1,1,0
379,7,0,0,0
468,2,1,0,0
718,7,0,0,0
638,5,1,1,0
513,6,0,0,0
819,10,0,0,0
520,9,0,0,0
932,1,0,0,0
336,2,0,0,0
453,8,1,0,0
410,2,1,1,1
452,7,1,0,0
171,3,1,1,0
336,5,1,1,0
911,3,0,0,0
270,10,1,0,0
834,5,1,1,0
854,7,1,0,0
941,9,1,1,0
796,1,1,1,0
715,6,0,0,0
763,8,1,0,0
146,4,0,0,0
775,10,1,0,0
393,1,0,0,0
594,5,0,0,0
158,8,0,0,0
426,7,0,0,0
576,6,0,0,0
420,1,0,0,0
959,8,1,0,0
1,3,0,0,0
925,4,0,0,0
564,9,0,0,0
967,2,0,0,0
12,10,0,0,0
489,7,1,0,0
454,3,0,0,0
205,8,0,0,0
303,5,0,0,0
918,7,0,0,0
1,8,1,0,0
594,1,0,0,0
878,6,1,0,0
860,4,1,0,0
35,6,1,0,0
462,4,1,0,0
78,7,0,0,0
6,10,1,0,0
563,9,1,1,0
247,1,1,0,0
515,7,1,0,0
60,3,0,0,0
991,10,1,1,1
433,7,0,0,0
324,5,0,0,0
917,1,1,0,0
578,6,0,0,0
314,1,0,0,0
799,5,0,0,0
807,8,1,1,0
42,1,0,0,0
939,10,0,0,0
990,1,0,0,0
328,5,1,1,0
777,4,1,0,0
290,4,1,0,0
238,10,1,0,0
568,10,0,0,0
544,6,1,1,1
537,4,1,0,0
112,4,0,0,0
359,5,0,0,0
955,9,0,0,0
727,3,1,0,0
107,2,1,0,0
202,6,0,0,0
15,10,1,0,0
65,3,1,1,0
637,10,1,0,0
747,4,0,0,0
253,9,0,0,0
480,7,1,0,0
852,3,1,1,0
858,2,1,0,0
800,5,0,0,0
664,4,0,0,0
547,8,1,0,0
200,1,1,1,0
523,4,0,0,0
583,4,1,1,0
185,7,1,0,0
5,8,1,1,1
357,5,0,0,0
565,6,0,0,0
228,4,0,0,0
80,8,0,0,0
460,7,1,1,0
608,3,1,0,0
782,1,0,0,0
61,3,0,0,0
35,6,1,1,0
244,1,0,0,0
428,1,0,0,0
543,8,1,0,0
609,3,0,0,0
484,3,1,0,0
477,2,1,1,0
946,7,0,0,0
425,8,1,0,0
98,5,1,0,0
182,6,1,1,0
996,5,1,0,0
877,6,0,0,0
738,7,0,0,0
725,2,0,0,0
781,2,1,0,0
323,7,0,0,0
807,4,1,0,0
294,7,1,1,0
665,6,1,0,0
677,7,0,0,0
994,10,0,0,0
517,4,0,0,0
881,10,0,0,0
266,7,0,0,0
182,8,1,0,0
439,1,1,0,0
944,5,0,0,0
705,4,1,0,0
797,9,0,0,0
251,5,0,0,0
463,1,1,1,0
895,6,1,1,0
962,3,1,0,0
844,4,1,1,0
985,5,0,0,0
476,2,0,0,0
688,7,1,1,0
733,9,0,0,0
474,5,1,0,0
825,3,1,0,0
648,8,0,0,0
215,9,0,0,0
286,8,1,0,0
712,3,1,0,0
585,4,1,0,0
816,10,0,0,0
184,10,0,0,0
987,3,1,1,0
143,9,0,0,0
888,7,0,0,0
357,4,0,0,0
98,9,1,0,0
66,9,1,1,0
326,9,0,0,0
88,5,0,0,0
53,4,0,0,0
29,4,1,0,0
518,3,0,0,0
335,5,1,0,0
316,8,0,0,0
103,7,1,0,0
95,4,1,0,0
799,6,0,0,0
538,7,0,0,0
871,9,0,0,0
322,7,1,0,0
216,5,1,0,0
702,9,1,0,0
216,1,0,0,0
872,6,0,0,0
667,5,1,1,0
897,4,1,0,0
250,1,1,1,0
106,8,1,0,0
763,7,0,0,0
527,1,0,0,0
968,4,0,0,0
846,5,1,1,1
93,7,1,1,1
261,4,0,0,0
235,2,0,0,0
731,2,0,0,0
788,7,1,0,0
148,9,1,1,0
326,5,1,0,0
298,1,0,0,0
936,7,1,0,0
167,10,0,0,0
650,1,1,1,0
82,1,1,0,0
793,7,1,0,0
758,1,0,0,0
888,7,0,0,0
304,7,0,0,0
653,2,0,0,0
205,9,1,1,0
931,7,0,0,0
924,5,0,0,0
399,8,1,1,1
953,4,1,1,0
931,2,0,0,0
934,5,1,1,0
919,4,0,0,0
355,5,0,0,0
15,8,1,0,0
820,2,0,0,0
704,8,0,0,0
632,9,0,0,0
675,1,1,1,0
768,1,1,0,0
97,5,1,0,0
204,2,1,1,0
261,8,1,0,0
754,2,1,0,0
577,9,0,0,0
300,10,0,0,0
161,1,0,0,0
520,9,0,0,0
366,3,0,0,0
522,10,0,0,0
894,7,1,1,0
124,3,0,0,0
171,6,1,0,0
872,6,0,0,0
489,4,0,0,0
286,10,0,0,0
238,10,0,0,0
988,3,1,1,0
499,5,1,1,0
808,4,1,0,0
518,5,0,0,0
972,4,1,1,0
364,5,1,0,0
611,10,0,0,0
776,6,1,1,0
196,4,0,0,0
536,7,0,0,0
295,9,1,0,0
850,3,1,0,0
528,6,0,0,0
341,1,0,0,0
524,8,1,0,0
343,10,0,0,0
857,6,0,0,0
571,3,0,0,0
478,8,0,0,0
108,1,0,0,0
495,5,0,0,0
238,10,1,1,0
709,2,0,0,0
875,1,1,1,0
206,5,0,0,0
696,9,1,0,0
543,7,1,0,0
499,4,1,0,0
388,7,1,1,0
454,3,1,0,0
404,7,0,0,0
786,5,0,0,0
572,2,1,1,1
198,7,0,0,0
514,3,0,0,0
136,9,1,0,0
253,6,1,1,0
412,1,0,0,0
406,10,0,0,0
452,6,1,0,0
707,7,0,0,0
970,9,1,0,0
223,2,0,0,0
72,8,1,1,0
567,2,1,1,0
347,4,0,0,0
275,3,1,0,0
775,10,0,0,0
12,4,0,0,0
759,7,1,1,0
535,9,0,0,0
573,8,1,1,0
298,1,0,0,0
87,5,0,0,0
312,8,1,0,0
689,8,1,1,0
976,10,1,1,0
590,7,0,0,0
618,5,1,0,0
399,6,1,0,0
239,10,1,0,0
680,4,1,1,0
931,7,1,1,0
945,1,0,0,0
301,2,0,0,0
322,7,1,0,0
33,8,1,0,0
825,2,0,0,0
822,2,1,0,0
591,10,1,0,0
397,6,0,0,0
316,2,1,1,0
33,5,0,0,0
570,7,1,0,0
114,3,1,0,0
164,9,1,1,0
567,3,0,0,0
171,8,0,0,0
169,5,1,0,0
640,7,0,0,0
654,9,0,0,0
694,9,1,1,0
198,8,1,0,0
64,5,0,0,0
467,7,0,0,0
127,9,0,0,0
414,8,1,0,0
505,2,0,0,0
855,5,1,0,0
945,2,1,0,0
3,1,1,0,0
765,5,0,0,0
804,8,0,0,0
153,4,1,0,0
53,7,0,0,0
42,8,1,0,0
759,3,1,1,0
751,9,0,0,0
313,3,1,0,0
761,5,1,0,0
729,8,1,0,0
918,6,0,0,0
817,10,0,0,0
832,7,1,0,0
899,6,1,0,0
963,6,1,0,0
720,4,1,0,0
933,1,1,0,0
713,3,1,1,0
605,1,1,0,0
508,8,1,0,0
572,6,0,0,0
732,7,0,0,0
787,2,0,0,0
21,5,1,1,0
987,3,0,0,0
813,1,1,0,0
301,2,0,0,0
922,2,0,0,0
868,8,1,0,0
492,1,1,0,0
459,10,1,1,1
760,6,1,1,0
421,5,0,0,0
714,8,0,0,0
584,10,0,0,0
705,5,0,0,0
525,9,0,0,0
499,7,0,0,0
956,3,1,0,0
320,4,1,1,0
406,4,0,0,0
327,9,0,0,0
280,8,1,0,0
344,7,0,0,0
846,5,0,0,0
913,9,1,0,0
670,1,0,0,0
447,10,0,0,0
401,2,0,0,0
720,6,1,0,0
680,3,0,0,0
244,5,1,0,0
719,10,0,0,0
159,1,1,1,0
446,7,1,0,0
240,3,1,1,1
117,7,1,1,0
171,9,1,1,0
478,9,1,0,0
375,9,0,0,0
246,9,0,0,0
977,6,0,0,0
388,8,1,1,1
382,3,1,1,0
452,1,1,1,1
510,1,1,0,0
161,10,1,0,0
505,5,1,1,0
352,10,1,1,0
956,6,1,0,0
896,7,1,0,0
322,7,0,0,0
36,7,0,0,0
343,6,0,0,0
375,2,0,0,0
975,10,1,0,0
372,2,1,0,0
487,9,0,0,0
224,2,1,0,0
466,4,0,0,0
258,6,1,0,0
686,2,0,0,0
164,2,1,0,0
961,5,0,0,0
407,5,1,0,0
717,7,1,1,1
131,5,1,1,0
98,1,1,1,0
277,9,0,0,0
172,10,0,0,0
280,1,1,1,0
972,5,1,1,0
829,3,0,0,0
500,10,1,0,0
9,1,0,0,0
332,9,0,0,0
338,9,0,0,0
560,2,0,0,0
730,1,1,1,0
567,2,1,0,0
348,7,0,0,0
350,9,0,0,0
606,10,1,0,0
650,3,0,0,0
797,4,0,0,0
100,7,0,0,0
429,1,1,0,0
984,2,0,0,0
935,5,0,0,0
850,7,1,0,0
723,6,1,1,1
407,3,0,0,0
469,5,0,0,0
707,6,1,0,0
868,3,0,0,0
1,4,1,1,0
81,5,0,0,0
992,6,1,0,0
893,2,1,0,0
503,9,1,0,0
217,1,0,0,0
639,6,1,0,0
311,4,0,0,0
278,6,1,1,1
542,7,0,0,0
897,10,0,0,0
788,3,1,1,0
24,8,0,0,0
278,9,0,0,0
97,3,1,0,0
888,10,1,1,0
955,6,1,0,0
122,9,1,1,0
705,6,0,0,0
591,4,0,0,0
38,9,1,0,0
378,5,0,0,0
692,8,1,0,0
951,9,1,0,0
604,3,0,0,0
444,10,0,0,0
628,4,1,0,0
380,10,0,0,0
975,8,1,0,0
143,4,1,0,0
85,3,1,0,0
126,9,1,1,0
628,10,0,0,0
651,8,1,0,0
165,3,0,0,0
91,8,0,0,0
431,3,1,1,0
937,1,1,0,0
767,7,0,0,0
374,4,1,1,0
658,5,1,1,0
637,2,0,0,0
761,4,0,0,0
973,4,0,0,0
847,9,0,0,0
767,7,1,0,0
653,1,1,0,0
499,5,1,0,0
650,3,1,0,0
730,2,0,0,0
678,1,0,0,0
257,4,1,1,0
178,7,1,0,0
812,2,0,0,0
488,10,1,0,0
193,5,1,0,0
137,6,0,0,0
606,4,0,0,0
138,5,0,0,0
369,8,0,0,0
186,8,1,0,0
348,1,1,1,0
110,9,0,0,0
948,5,1,1,1
36,4,1,0,0
847,7,1,1,0
518,5,1,0,0
831,1,0,0,0
922,10,1,0,0
378,9,0,0,0
487,1,1,0,0
976,4,1,0,0
539,6,0,0,0
134,1,0,0,0
997,6,0,0,0
873,7,1,0,0
297,7,1,0,0
538,2,1,0,0
942,2,1,1,0
891,10,0,0,0
298,6,1,0,0
722,2,0,0,0
730,9,0,0,0
178,4,1,0,0
53,2,1,0,0
507,8,1,0,0
518,10,1,1,0
362,5,1,0,0
584,2,1,0,0
647,3,1,0,0
21,1,0,0,0
24,1,0,0,0
761,5,0,0,0
517,7,0,0,0
405,3,1,0,0
601,6,1,1,0
260,10,0,0,0
579,7,0,0,0
687,1,1,1,0
2,5,0,0,0
496,3,1,0,0
879,5,1,1,1
721,3,1,0,0
204,1,1,0,0
476,3,1,1,1
886,5,1,1,0
778,4,0,0,0
383,8,1,1,0
218,5,1,0,0
398,6,0,0,0
72,1,1,1,0
605,8,1,0,0
263,1,0,0,0
77,3,1,0,0
979,7,0,0,0
963,10,0,0,0
493,5,0,0,0
725,7,1,0,0
280,8,1,0,0
813,2,0,0,0
297,4,1,1,0
513,4,1,0,0
224,3,0,0,0
397,10,1,0,0
905,6,1,0,0
746,7,1,0,0
486,9,1,1,0
765,1,0,0,0
669,10,1,1,0
862,7,1,0,0
426,2,1,0,0
697,7,0,0,0
267,10,0,0,0
673,7,0,0,0
110,10,0,0,0
452,6,1,1,0
262,4,1,0,0
598,6,0,0,0
645,10,0,0,0
411,4,1,0,0
64,7,0,0,0
400,3,0,0,0
812,1,0,0,0
399,5,1,0,0
457,9,0,0,0
989,1,1,0,0
514,2,1,0,0
210,6,0,0,0
895,8,0,0,0
619,7,0,0,0
495,3,1,0,0
558,7,1,0,0
714,1,1,0,0
530,10,1,0,0
486,2,0,0,0
711,10,0,0,0
616,2,1,0,0
998,8,1,1,0
51,3,0,0,0
223,2,0,0,0
132,7,0,0,0
483,5,0,0,0
445,9,1,1,1
86,3,1,1,0
539,5,0,0,0
718,6,0,0,0
740,10,0,0,0
771,2,1,0,0
929,6,1,0,0
161,3,1,0,0
710,6,0,0,0
708,9,1,0,0
685,1,1,0,0
155,3,1,1,0
623,4,0,0,0
366,3,0,0,0
510,2,1,0,0
199,6,1,0,0
421,9,1,1,0
511,5,1,0,0
35,8,1,1,0
919,9,0,0,0
106,1,0,0,0
564,6,0,0,0
539,9,0,0,0
958,9,0,0,0
839,6,1,1,0
766,6,0,0,0
667,1,0,0,0
112,1,1,0,0
504,5,1,0,0
82,10,1,0,0
458,9,0,0,0
850,7,1,0,0
339,4,1,0,0
240,5,0,0,0
762,10,1,0,0
204,8,1,0,0
160,7,0,0,0
515,2,0,0,0
354,1,0,0,0
224,8,0,0,0
511,4,1,1,0
52,6,1,0,0
119,10,0,0,0
4,5,1,1,0
640,8,1,1,0
364,10,1,1,1
1000,7,1,0,0
760,6,1,1,0
622,9,0,0,0
450,5,0,0,0
238,7,1,0,0
629,8,1,0,0
826,5,1,0,0
894,6,1,0,0
647,10,1,1,1
271,10,1,0,0
865,10,1,1,0
489,8,1,1,0
162,2,1,1,0
228,9,0,0,0
456,6,1,0,0
75,10,1,0,0
951,9,0,0,0
892,9,1,1,0
130,3,0,0,0
655,1,0,0,0
332,10,0,0,0
328,5,0,0,0
449,4,1,0,0
34,6,1,1,0
586,4,0,0,0
419,3,1,1,1
625,4,1,1,1
961,1,0,0,0
899,4,1,1,0
484,6,1,0,0
585,7,0,0,0
516,3,0,0,0
609,7,0,0,0
538,8,0,0,0
334,8,1,0,0
797,8,0,0,0
477,7,0,0,0
49,10,0,0,0
595,9,1,0,0
889,7,0,0,0
583,8,1,0,0
334,6,1,0,0
810,1,0,0,0
48,8,1,1,0
616,7,0,0,0
968,10,0,0,0
703,2,0,0,0
952,8,0,0,0
728,3,0,0,0
415,6,0,0,0
460,9,0,0,0
354,5,0,0,0
312,2,1,1,0
124,2,1,0,0
209,10,1,0,0
324,9,1,1,0
734,10,0,0,0
519,9,1,0,0
323,4,1,1,0
374,4,0,0,0
146,7,1,1,0
892,10,0,0,0
715,1,1,1,0
47,7,1,1,1
67,3,1,0,0
326,7,0,0,0
567,8,0,0,0
848,3,0,0,0
534,6,1,0,0
461,10,0,0,0
115,5,0,0,0
318,2,0,0,0
485,2,0,0,0
437,4,1,1,0
849,9,0,0,0
35,7,1,0,0
514,4,1,0,0
782,9,1,0,0
434,8,0,0,0
204,9,0,0,0
683,7,1,0,0
957,7,0,0,0
957,6,1,0,0
250,6,1,0,0
967,8,1,1,1
134,6,1,0,0
301,1,0,0,0
337,9,0,0,0
27,9,0,0,0
542,8,1,0,0
217,6,0,0,0
775,6,1,0,0
48,9,1,0,0
157,5,0,0,0
17,5,0,0,0
379,1,0,0,0
959,5,1,0,0
120,7,0,0,0
439,2,1,1,0
352,6,0,0,0
92,4,1,0,0
680,6,1,1,0
44,1,0,0,0
972,9,1,1,0
134,8,0,0,0
416,10,0,0,0
950,7,0,0,0
316,10,1,0,0
341,7,0,0,0
873,9,1,0,0
943,4,0,0,0
300,8,1,1,0
892,3,0,0,0
790,9,1,0,0
497,1,0,0,0
242,6,0,0,0
802,5,0,0,0
267,5,0,0,0
254,10,1,0,0
789,1,0,0,0
267,6,0,0,0
606,9,0,0,0
280,9,0,0,0
170,6,1,0,0
309,1,0,0,0
579,10,1,1,0
15,10,1,1,0
909,7,0,0,0
933,9,1,0,0
229,1,0,0,0
879,9,0,0,0
112,3,1,0,0
374,1,0,0,0
391,5,0,0,0
158,6,1,1,0
358,4,1,1,1
608,9,1,1,0
789,3,1,0,0
811,10,1,0,0
373,1,1,0,0
647,10,0,0,0
668,4,1,1,0
777,6,0,0,0
916,5,1,1,0
392,2,0,0,0
789,5,1,0,0
38,5,1,1,0
379,3,1,0,0
699,9,1,1,0
614,7,0,0,0
378,5,1,0,0
676,10,0,0,0
856,4,0,0,0
261,10,1,0,0
139,1,1,0,0
831,9,0,0,0
455,4,0,0,0
754,3,1,0,0
837,8,1,0,0
289,2,1,1,0
866,5,1,0,0
816,3,0,0,0
195,6,1,0,0
290,3,0,0,0
395,2,1,0,0
147,7,0,0,0
852,2,0,0,0
547,5,0,0,0
884,6,0,0,0
684,6,1,1,1
892,6,1,0,0
888,8,0,0,0
555,9,1,1,0
523,5,0,0,0
714,1,0,0,0
401,4,1,1,1
315,1,0,0,0
673,10,0,0,0
501,9,0,0,0
751,4,0,0,0
417,8,0,0,0
463,4,0,0,0
159,7,0,0,0
460,8,0,0,0
445,10,1,0,0
813,9,1,0,0
595,5,0,0,0
458,8,1,0,0
155,10,1,0,0
807,2,1,1,0
428,8,0,0,0
507,3,1,0,0
267,10,1,0,0
932,6,0,0,0
415,7,0,0,0
215,3,1,0,0
196,2,0,0,0
796,4,1,1,0
496,8,0,0,0
350,4,0,0,0
697,9,1,1,0
194,4,0,0,0
670,6,0,0,0
525,1,0,0,0
408,7,0,0,0
12,3,1,0,0
434,3,0,0,0
890,2,0,0,0
513,9,0,0,0
74,2,1,0,0
916,4,1,1,0
97,6,1,0,0
881,6,1,1,0
23,7,0,0,0
188,4,1,1,0
297,7,1,0,0
974,3,0,0,0
669,3,1,0,0
319,8,0,0,0
149,6,0,0,0
654,9,0,0,0
890,7,0,0,0
966,4,0,0,0
67,1,1,1,0
492,10,1,1,0
19,7,1,0,0
727,10,0,0,0
39,10,0,0,0
189,7,1,0,0
384,1,1,0,0
429,9,0,0,0
782,7,0,0,0
117,5,0,0,0
454,4,0,0,0
56,9,1,0,0
203,10,1,1,0
200,10,0,0,0
618,3,0,0,0
936,1,0,0,0
757,7,1,0,0
408,1,0,0,0
668,5,1,1,1
915,8,1,1,0
65,4,0,0,0
473,4,0,0,0
912,6,0,0,0
157,10,0,0,0
178,3,0,0,0
179,6,1,0,0
687,4,1,1,0
905,6,1,0,0
550,7,1,1,1
275,8,1,0,0
59,8,0,0,0
755,5,0,0,0
614,9,1,1,0
490,6,0,0,0
666,6,1,0,0
287,6,0,0,0
553,8,0,0,0
512,8,1,1,0
632,10,0,0,0
750,4,0,0,0
455,3,0,0,0
646,2,0,0,0
785,6,0,0,0
290,4,0,0,0
243,2,0,0,0
595,7,1,0,0
320,7,1,1,1
93,10,0,0,0
944,4,0,0,0
446,3,1,1,0
829,7,0,0,0
704,10,0,0,0
80,7,0,0,0
858,4,1,1,0
120,7,0,0,0
300,1,0,0,0
195,2,0,0,0
66,8,0,0,0
708,8,0,0,0
617,10,0,0,0
257,1,1,1,0
619,10,1,0,0
918,1,1,1,1
862,6,0,0,0
818,4,1,0,0
232,6,1,1,0
245,6,1,1,0
271,2,0,0,0
668,1,0,0,0
722,3,0,0,0
101,1,1,0,0
761,7,1,0,0
173,5,0,0,0
991,4,0,0,0
451,8,1,0,0
45,6,1,1,0
155,3,1,1,0
640,10,1,0,0
694,6,1,0,0
404,2,0,0,0
967,9,1,0,0
411,9,0,0,0
102,8,0,0,0
325,2,0,0,0
69,5,0,0,0
741,5,0,0,0
161,5,0,0,0
909,5,1,0,0
77,4,1,0,0
918,5,1,1,0
588,1,0,0,0
329,5,1,0,0
556,6,1,0,0
6,4,1,0,0
815,2,1,1,1
929,2,1,0,0
666,1,1,1,1
107,3,0,0,0
93,9,1,1,0
466,3,0,0,0
961,4,0,0,0
390,6,1,0,0
584,2,1,1,1
409,1,1,1,1
983,3,1,0,0
287,4,1,1,0
177,5,1,0,0
857,2,0,0,0
485,6,1,0,0
966,7,1,0,0
282,9,0,0,0
130,4,0,0,0
660,7,0,0,0
82,7,1,1,1
230,9,1,0,0
629,3,1,1,0
286,7,0,0,0
772,8,1,1,1
333,4,1,0,0
101,7,0,0,0
323,1,1,0,0
842,5,1,1,0
99,4,0,0,0
951,2,1,0,0
658,5,0,0,0
809,4,1,0,0
776,1,0,0,0
869,1,1,0,0
591,6,1,0,0
55,2,1,0,0
15,5,0,0,0
713,6,0,0,0
501,5,1,0,0
229,6,1,1,0
490,1,1,1,0
681,7,0,0,0
857,4,1,1,0
682,8,0,0,0
815,10,1,1,0
486,1,0,0,0
934,2,0,0,0
571,10,1,0,0
636,6,1,1,1
579,1,0,0,0
673,6,1,0,0
614,6,0,0,0
157,9,1,0,0
544,5,0,0,0
400,7,1,0,0
407,4,0,0,0
295,2,0,0,0
98,2,1,0,0
37,7,1,0,0
758,8,0,0,0
523,9,0,0,0
404,9,0,0,0
92,2,0,0,0
984,2,0,0,0
341,10,1,0,0
900,9,0,0,0
798,3,0,0,0
248,2,0,0,0
338,7,0,0,0
355,1,1,0,0
532,6,0,0,0
472,2,1,1,1
179,8,1,1,0
667,8,1,1,0
717,8,0,0,0
693,5,1,1,0
13,10,0,0,0
245,8,1,1,0
467,2,1,1,0
881,6,1,1,1
680,6,0,0,0
976,1,0,0,0
869,9,1,0,0
820,10,1,0,0
405,5,0,0,0
501,4,0,0,0
465,3,1,0,0
534,2,0,0,0
804,2,1,0,0
597,3,0,0,0
246,6,0,0,0
105,2,0,0,0
672,4,0,0,0
110,1,0,0,0
784,1,1,1,0
890,5,0,0,0
286,9,1,0,0
898,2,1,0,0
217,3,0,0,0
186,4,0,0,0
929,1,0,0,0
537,6,1,0,0
783,10,1,1,0
108,4,1,1,0
362,9,1,1,0
211,8,1,0,0
127,4,0,0,0
435,9,0,0,0
144,7,0,0,0
529,1,0,0,0
458,2,0,0,0
948,8,1,1,0
573,4,1,1,0
203,8,0,0,0
449,4,1,0,0
99,4,0,0,0
457,1,0,0,0
406,3,1,0,0
321,5,1,0,0
451,8,0,0,0
16,6,0,0,0
941,6,0,0,0
520,9,1,0,0
875,4,0,0,0
104,2,1,0,0
684,9,0,0,0
579,4,0,0,0
747,9,1,1,0
606,9,1,0,0
985,6,0,0,0
225,8,1,0,0
381,7,0,0,0
827,4,1,1,0
762,1,0,0,0
391,7,1,0,0
506,1,1,0,0
93,2,1,1,0
736,7,0,0,0
107,10,0,0,0
610,4,1,1,0
195,5,1,1,1
236,8,0,0,0
996,8,1,0,0
793,4,0,0,0
668,4,1,0,0
425,2,0,0,0
901,1,0,0,0
294,6,0,0,0
47,8,0,0,0
826,2,0,0,0
998,5,1,1,0
306,7,0,0,0
250,3,1,0,0
944,6,1,0,0
787,7,0,0,0
590,10,1,0,0
344,4,0,0,0
963,8,1,0,0
133,1,0,0,0
929,1,1,0,0
833,10,1,0,0
868,4,0,0,0
719,6,1,0,0
943,9,0,0,0
583,10,0,0,0
820,5,1,0,0
721,8,1,1,0
845,8,0,0,0
994,6,1,1,1
371,2,1,1,0
682,6,1,0,0
288,1,1,0,0
50,2,0,0,0
819,6,1,0,0
37,1,0,0,0
230,5,0,0,0
311,1,0,0,0
552,1,1,0,0
20,10,1,0,0
864,5,0,0,0
368,5,1,0,0
42,5,1,1,1
24,5,0,0,0
639,8,1,1,0
217,5,1,0,0
370,7,1,0,0
289,9,0,0,0
881,5,0,0,0
324,8,1,0,0
544,1,1,1,0
757,2,1,0,0
520,2,0,0,0
684,2,0,0,0
698,6,1,0,0
571,2,0,0,0
617,1,1,0,0
23,8,1,1,0
795,8,0,0,0
282,8,1,1,0
994,7,1,0,0
839,2,0,0,0
708,4,0,0,0
718,4,0,0,0
598,8,0,0,0
167,6,1,0,0
103,7,1,0,0
285,7,1,0,0
660,9,1,1,0
258,5,0,0,0
965,9,0,0,0
190,9,0,0,0
888,2,0,0,0
885,8,0,0,0
279,5,0,0,0
610,3,1,0,0
333,10,1,0,0
735,5,0,0,0
932,10,1,0,0
677,5,1,1,1
558,5,1,1,0
594,3,1,1,0
864,9,1,0,0
660,8,1,0,0
490,7,0,0,0
261,10,1,0,0
464,9,1,0,0
330,4,0,0,0
360,2,1,0,0
876,9,0,0,0
552,10,1,1,1
469,7,1,1,0
410,1,1,0,0
603,2,0,0,0
916,6,0,0,0
390,5,0,0,0
351,10,0,0,0
116,8,0,0,0
509,1,1,0,0
878,8,1,0,0
27,6,1,0,0
218,10,1,0,0
678,5,1,0,0
489,8,1,0,0
279,1,0,0,0
867,8,1,0,0
139,6,0,0,0
714,2,0,0,0
289,5,1,0,0
636,10,1,1,0
332,3,1,0,0
646,4,1,0,0
957,9,1,1,0
751,6,1,0,0
854,7,1,0,0
248,6,0,0,0
4,6,1,0,0
579,6,0,0,0
800,1,0,0,0
482,3,1,1,0
487,7,0,0,0
902,9,1,0,0
596,5,1,1,0
754,7,0,0,0
434,10,1,1,0
807,3,0,0,0
897,5,1,0,0
657,10,1,0,0
58,8,1,1,0
443,6,1,0,0
490,8,0,0,0
263,3,1,0,0
431,5,1,0,0
601,2,0,0,0
596,6,1,1,0
876,8,0,0,0
352,10,0,0,0
353,1,0,0,0
398,10,0,0,0
358,7,0,0,0
492,10,1,0,0
214,1,0,0,0
22,9,1,0,0
202,4,0,0,0
594,1,1,0,0
214,8,0,0,0
443,10,1,1,0
777,5,0,0,0
714,7,1,1,1
628,2,1,0,0
661,3,0,0,0
270,1,1,0,0
70,2,0,0,0
567,8,0,0,0
270,7,0,0,0
99,2,1,0,0
29,4,0,0,0
577,1,0,0,0
395,7,1,0,0
260,3,1,0,0
588,5,0,0,0
572,4,0,0,0
883,5,1,0,0
543,9,0,0,0
486,8,1,0,0
314,9,0,0,0
836,3,1,1,0
140,2,1,0,0
834,2,1,0,0
862,6,1,1,1
633,10,1,1,0
285,5,0,0,0
708,8,0,0,0
405,9,0,0,0
500,10,1,0,0
752,9,0,0,0
82,3,1,0,0
519,8,1,0,0
393,10,1,1,0
54,5,0,0,0
454,7,0,0,0
612,7,0,0,0
289,2,1,1,0
77,9,1,0,0
145,1,0,0,0
918,1,1,1,1
581,2,1,0,0
610,5,0,0,0
806,4,0,0,0
433,6,1,1,0
103,5,1,0,0
31,2,1,1,0
379,4,0,0,0
678,2,0,0,0
904,2,0,0,0
379,7,1,0,0
978,2,1,0,0
489,1,0,0,0
742,2,0,0,0
927,8,1,1,1
29,8,1,0,0
7,3,0,0,0
723,8,0,0,0
465,4,0,0,0
854,10,0,0,0
675,1,1,0,0
862,1,0,0,0
677,5,0,0,0
424,3,0,0,0
847,9,0,0,0
942,3,0,0,0
80,4,1,1,1
608,7,1,1,0
321,2,1,1,0
43,5,1,1,0
729,1,1,1,0
980,5,0,0,0
765,4,1,1,0
725,2,0,0,0
934,7,1,0,0
851,3,0,0,0
800,4,1,0,0
775,8,1,0,0
428,1,1,0,0
913,6,1,1,0
9,5,1,1,0
184,5,0,0,0
776,1,1,0,0
270,9,1,0,0
800,8,1,0,0
901,2,1,0,0
511,8,0,0,0
813,2,0,0,0
848,2,1,0,0
22,2,1,1,0
884,6,1,0,0
44,9,1,0,0
412,8,0,0,0
334,1,1,0,0
924,5,1,1,0
640,5,1,0,0
767,7,0,0,0
20,9,1,0,0
717,6,0,0,0
67,6,0,0,0
233,8,0,0,0
904,3,1,0,0
899,10,1,0,0
65,7,1,1,1
302,3,0,0,0
456,7,0,0,0
450,1,0,0,0
440,9,0,0,0
924,5,0,0,0
437,6,0,0,0
611,8,1,1,0
108,1,1,0,0
803,2,1,1,0
443,1,1,1,0
705,8,0,0,0
114,9,1,0,0
6,8,0,0,0
184,9,1,0,0
372,8,1,0,0
944,8,1,1,0
444,7,1,0,0
744,3,1,1,1
567,4,0,0,0
121,5,1,0,0
11,10,0,0,0
114,6,0,0,0
464,3,0,0,0
548,4,1,0,0
433,8,0,0,0
56,9,1,0,0
175,1,0,0,0
828,5,1,0,0
644,7,1,0,0
93,3,0,0,0
351,7,0,0,0
63,9,0,0,0
425,2,0,0,0
881,9,0,0,0
153,6,0,0,0
40,2,1,0,0
173,1,1,0,0
469,1,1,0,0
924,6,0,0,0
907,10,1,0,0
326,2,0,0,0
388,2,1,0,0
156,10,1,0,0
992,6,1,0,0
765,4,1,0,0
56,3,1,0,0
526,8,1,1,0
949,3,0,0,0
634,3,0,0,0
335,5,0,0,0
968,1,1,1,0
19,10,1,0,0
954,8,1,0,0
843,9,0,0,0
837,9,1,0,0
652,5,0,0,0
773,1,0,0,0
656,1,0,0,0
553,5,1,0,0
991,4,1,0,0
978,1,0,0,0
284,7,0,0,0
231,6,0,0,0
714,8,1,1,0
394,5,0,0,0
482,6,0,0,0
292,5,0,0,0
53,6,1,0,0
60,5,0,0,0
543,10,1,1,0
164,8,0,0,0
193,1,1,1,1
329,1,0,0,0
917,10,0,0,0
337,5,1,0,0
794,1,1,1,0
392,3,1,1,0
514,6,0,0,0
456,3,0,0,0
380,3,1,1,1
920,1,1,1,0
194,6,0,0,0
259,8,0,0,0
95,8,0,0,0
794,6,1,0,0
737,6,0,0,0
214,10,0,0,0
899,9,0,0,0
767,2,1,1,1
731,1,1,1,1
282,6,1,1,0
340,7,0,0,0
222,3,0,0,0
640,3,1,0,0
915,10,1,0,0
524,8,1,0,0
44,10,0,0,0
691,6,0,0,0
872,4,0,0,0
385,1,0,0,0
422,1,1,0,0
833,2,1,1,0
489,4,0,0,0
141,6,1,0,0
582,4,0,0,0
295,4,1,0,0
359,4,1,1,0
674,5,0,0,0
611,5,1,0,0
566,2,1,0,0
328,2,1,1,0
239,2,1,0,0
593,8,1,0,0
246,1,1,0,0
204,1,0,0,0
247,4,1,1,0
107,10,0,0,0
28,10,1,1,1
508,1,0,0,0
252,9,1,1,0
440,9,1,0,0
832,8,1,0,0
399,1,0,0,0
476,6,0,0,0
621,7,1,0,0
366,4,1,1,0
569,9,1,1,1
207,4,0,0,0
578,8,0,0,0
96,10,0,0,0
302,8,0,0,0
371,2,1,1,0
520,7,1,1,1
414,8,0,0,0
518,2,0,0,0
588,7,1,0,0
15,7,0,0,0
517,9,1,0,0
897,3,0,0,0
320,3,1,0,0
387,6,1,1,0
433,9,0,0,0
694,8,0,0,0
161,5,0,0,0
682,10,0,0,0
454,1,1,0,0
127,1,0,0,0
544,4,0,0,0
5,10,1,0,0
265,5,1,0,0
46,5,1,0,0
198,5,0,0,0
326,9,1,0,0
469,3,1,0,0
72,9,1,1,1
433,7,0,0,0
656,10,1,1,0
311,4,1,0,0
544,8,0,0,0
863,4,0,0,0
945,6,1,0,0
450,2,0,0,0
429,9,0,0,0
83,6,1,1,0
974,2,1,0,0
647,8,0,0,0
732,2,0,0,0
997,2,1,0,0
398,3,1,0,0
617,5,1,0,0
509,9,1,1,0
461,4,0,0,0
361,10,0,0,0
139,1,1,0,0
944,8,1,0,0
411,5,1,0,0
783,2,0,0,0
302,7,1,0,0
715,8,1,1,0
352,3,1,0,0
680,5,1,0,0
270,6,0,0,0
179,10,1,0,0
587,10,0,0,0
475,3,0,0,0
736,7,0,0,0
45,7,1,0,0
102,6,0,0,0
449,4,1,1,0
539,4,1,0,0
631,3,0,0,0
855,9,0,0,0
903,5,1,1,0
758,7,1,0,0
577,7,0,0,0
62,4,1,0,0
510,5,1,0,0
573,5,0,0,0
503,2,0,0,0
594,3,1,0,0
375,1,1,1,0
153,7,1,1,0
876,7,1,0,0
600,7,0,0,0
292,10,0,0,0
581,2,0,0,0
49,10,0,0,0
441,7,0,0,0
608,6,1,0,0
738,4,1,1,0
56,2,0,0,0
891,5,1,0,0
503,5,1,1,0
824,1,0,0,0
349,9,1,1,0
845,4,1,0,0
512,4,0,0,0
112,7,0,0,0
793,7,1,0,0
47,8,0,0,0
643,9,0,0,0
68,2,1,0,0
259,1,1,1,0
367,1,0,0,0
417,5,0,0,0
152,8,0,0,0
264,4,1,0,0
662,5,1,0,0
690,6,1,1,0
868,6,0,0,0
292,8,0,0,0
270,2,1,0,0
422,1,0,0,0
521,6,0,0,0
925,9,1,1,0
922,9,1,1,0
578,3,1,0,0
267,2,0,0,0
168,9,1,0,0
782,4,0,0,0
826,2,0,0,0
281,4,1,0,0
933,4,0,0,0
618,8,0,0,0
302,5,1,0,0
234,3,0,0,0
439,8,1,1,0
56,5,1,0,0
133,5,1,0,0
936,10,1,0,0
757,9,1,1,0
678,5,0,0,0
577,1,0,0,0
920,2,1,0,0
33,10,0,0,0
299,3,1,0,0
593,10,0,0,0
68,7,0,0,0
130,7,1,1,1
984,10,1,0,0
52,3,1,0,0
74,1,1,0,0
481,10,1,0,0
371,9,0,0,0
360,7,1,1,0
667,3,1,0,0
294,4,0,0,0
479,1,1,1,0
425,4,0,0,0
963,4,0,0,0
300,4,1,0,0
553,5,1,0,0
761,8,1,0,0
708,2,0,0,0
536,3,0,0,0
653,2,0,0,0
187,7,0,0,0
97,9,1,0,0
328,5,0,0,0
999,9,1,0,0
786,8,0,0,0
877,1,1,1,1
661,1,1,1,0
395,4,1,0,0
455,7,0,0,0
955,5,0,0,0
134,7,0,0,0
4,8,1,0,0
262,8,0,0,0
493,9,0,0,0
452,10,0,0,0
337,3,1,0,0
636,10,0,0,0
200,7,1,0,0
831,9,0,0,0
275,2,1,0,0
520,6,0,0,0
912,10,1,0,0
540,3,0,0,0
761,10,1,0,0
104,7,0,0,0
592,6,1,1,0
494,5,0,0,0
557,8,1,0,0
370,6,0,0,0
198,4,0,0,0
1000,8,0,0,0
73,4,0,0,0
338,7,1,0,0
632,7,0,0,0
880,8,0,0,0
52,3,1,0,0
822,1,0,0,0
805,1,0,0,0
511,9,0,0,0
577,6,1,1,0
124,3,1,1,1
55,7,1,1,0
98,10,0,0,0
339,4,0,0,0
393,10,1,0,0
175,9,0,0,0
929,3,1,0,0
395,3,1,1,0
405,9,0,0,0
765,6,1,1,1
685,5,0,0,0
552,8,0,0,0
880,1,0,0,0
751,2,1,1,0
307,5,1,0,0
819,2,1,0,0
324,10,1,0,0
208,9,1,1,0
955,3,1,1,0
681,2,1,0,0
946,4,1,0,0
6,8,1,0,0
329,2,0,0,0
358,2,0,0,0
810,1,0,0,0
92,9,0,0,0
20,8,1,0,0
281,5,1,0,0
975,2,1,0,0
746,8,1,0,0
992,2,1,0,0
279,1,1,1,0
2,3,0,0,0
351,8,1,0,0
473,6,1,0,0
867,7,1,0,0
904,4,1,0,0
603,8,0,0,0
86,1,1,0,0
630,1,1,1,0
248,4,0,0,0
627,5,0,0,0
191,2,1,0,0
652,1,1,0,0
858,7,1,0,0
474,4,1,1,0
330,4,0,0,0
974,8,1,1,0
651,7,0,0,0
593,4,0,0,0
957,10,0,0,0
491,2,1,1,0
443,7,0,0,0
407,10,0,0,0
226,7,0,0,0
276,2,1,1,0
472,10,0,0,0
442,4,1,0,0
609,10,0,0,0
34,10,1,0,0
563,8,1,0,0
848,2,1,0,0
154,10,0,0,0
19,9,0,0,0
319,8,1,0,0
553,9,1,0,0
263,4,0,0,0
544,7,1,1,0
458,5,1,0,0
962,4,0,0,0
894,1,0,0,0
500,6,1,1,0
200,4,1,1,0
156,2,1,0,0
856,6,0,0,0
750,9,1,0,0
284,1,0,0,0
929,9,0,0,0
971,5,0,0,0
850,2,1,1,0
461,2,0,0,0
58,10,1,0,0
172,4,1,0,0
383,10,0,0,0
481,9,1,0,0
816,4,0,0,0
904,10,0,0,0
374,2,0,0,0
727,4,0,0,0
823,1,1,0,0
283,8,0,0,0
312,7,0,0,0
789,6,1,1,0
337,2,0,0,0
632,5,0,0,0
507,9,0,0,0
887,2,0,0,0
445,9,0,0,0
22,10,0,0,0
52,7,1,0,0
914,5,0,0,0
440,7,1,0,0
478,3,1,1,0
910,8,1,1,1
571,1,0,0,0
762,6,1,0,0
287,1,0,0,0
492,8,1,0,0
181,5,1,0,0
35,4,0,0,0
203,2,0,0,0
886,7,1,1,0
459,6,0,0,0
318,10,1,1,1
480,7,1,0,0
103,10,1,0,0
864,6,1,0,0
186,6,0,0,0
614,10,0,0,0
85,1,0,0,0
882,7,0,0,0
218,5,0,0,0
149,8,0,0,0
485,1,1,0,0
871,3,1,0,0
241,10,1,0,0
271,4,1,0,0
94,4,1,1,0
121,2,0,0,0
348,8,1,0,0
798,2,1,0,0
106,4,1,0,0
826,4,1,0,0
928,4,0,0,0
517,4,1,0,0
919,3,1,1,0
226,3,1,1,0
99,4,1,1,0
495,10,1,0,0
565,1,1,1,0
20,1,1,1,0
878,6,1,0,0
46,5,1,0,0
628,5,0,0,0
488,9,0,0,0
532,7,0,0,0
375,6,0,0,0
591,4,1,0,0
771,3,1,1,0
975,8,1,0,0
390,1,0,0,0
377,6,0,0,0
847,3,0,0,0
724,2,1,1,0
383,1,1,0,0
87,6,0,0,0
871,3,0,0,0
795,4,1,0,0
850,5,1,0,0
346,7,1,0,0
243,8,1,1,0
829,6,1,1,1
519,3,0,0,0
818,3,0,0,0
671,4,0,0,0
339,8,1,0,0
778,8,1,0,0
117,3,1,1,0
159,3,1,0,0
13,9,0,0,0
804,5,0,0,0
693,5,1,0,0
603,10,0,0,0
459,2,1,1,0
584,10,1,1,0
620,10,0,0,0
394,9,1,1,1
532,3,0,0,0
73,7,0,0,0
998,10,0,0,0
497,9,1,1,0
815,2,1,0,0
252,7,0,0,0
650,1,0,0,0
342,7,1,0,0
324,1,0,0,0
76,3,1,0,0
327,3,0,0,0
694,9,0,0,0
538,2,1,0,0
906,1,0,0,0
179,4,1,1,0
424,9,1,1,0
520,6,0,0,0
215,8,1,1,0
799,2,0,0,0
178,7,0,0,0
875,7,1,0,0
885,9,0,0,0
795,2,0,0,0
701,9,0,0,0
821,5,0,0,0
525,5,0,0,0
48,10,0,0,0
500,6,1,0,0
806,5,1,0,0
121,9,0,0,0
570,1,0,0,0
831,9,0,0,0
94,4,1,1,1
126,3,0,0,0
709,8,1,0,0
223,1,1,0,0
703,4,0,0,0
137,2,0,0,0
459,1,1,0,0
144,8,1,1,0
565,2,1,0,0
546,6,0,0,0
25,7,0,0,0
25,5,0,0,0
391,6,0,0,0
887,8,0,0,0
898,7,0,0,0
567,10,0,0,0
10,10,0,0,0
20,2,1,1,0
860,3,1,0,0
653,3,1,1,0
200,9,0,0,0
77,4,0,0,0
181,1,1,0,0
853,10,0,0,0
774,5,1,1,0
85,4,1,0,0
147,8,1,1,0
38,5,0,0,0
979,9,1,1,0
445,4,0,0,0
372,1,1,1,0
978,7,0,0,0
432,3,0,0,0
37,5,1,0,0
123,8,1,0,0
37,6,0,0,0
830,6,0,0,0
212,4,0,0,0
31,10,0,0,0
57,10,1,0,0
301,1,0,0,0
207,6,1,1,0
245,4,1,0,0
228,7,0,0,0
677,9,0,0,0
206,4,1,0,0
603,6,0,0,0
720,1,0,0,0
815,9,0,0,0
387,8,1,1,1
441,9,1,1,0
664,2,0,0,0
6,1,1,0,0
592,5,0,0,0
370,9,1,0,0
761,5,1,0,0
61,2,0,0,0
782,10,0,0,0
144,4,0,0,0
3,2,0,0,0
108,10,1,0,0
416,1,0,0,0
873,8,0,0,0
123,10,1,1,0
400,8,0,0,0
822,1,1,0,0
907,7,1,0,0
678,3,0,0,0
751,10,1,0,0
762,9,1,1,0
169,1,1,0,0
910,1,0,0,0
969,9,1,0,0
233,7,1,1,1
771,5,1,1,0
259,5,0,0,0
740,8,0,0,0
703,10,0,0,0
346,4,1,0,0
885,5,0,0,0
364,1,1,0,0
51,3,0,0,0
437,10,0,0,0
323,7,1,1,1
143,10,1,1,0
39,10,1,1,0
580,9,0,0,0
268,6,0,0,0
661,9,0,0,0
271,7,0,0,0
155,4,1,0,0
504,1,1,1,0
174,6,1,1,1
208,2,1,0,0
261,2,0,0,0
192,9,1,0,0
930,10,0,0,0
379,5,1,1,1
99,7,0,0,0
460,10,0,0,0
360,9,0,0,0
567,2,1,0,0
774,10,1,1,0
926,2,1,0,0
780,9,0,0,0
821,10,0,0,0
1000,6,1,0,0
140,1,1,0,0
419,8,1,1,0
365,7,1,1,0
339,1,0,0,0
60,2,1,0,0
989,10,1,1,0
365,8,0,0,0
902,10,0,0,0
527,7,0,0,0
9,3,0,0,0
784,2,1,0,0
157,6,1,1,0
962,9,1,1,0
550,2,1,1,0
798,6,0,0,0
543,4,0,0,0
871,6,0,0,0
16,7,0,0,0
687,9,1,1,1
832,1,0,0,0
576,9,0,0,0
653,8,1,1,0
607,3,1,0,0
596,2,0,0,0
337,1,0,0,0
593,8,1,0,0
617,6,0,0,0
314,6,1,1,0
967,2,1,1,0
445,8,1,1,0
566,5,0,0,0
120,6,0,0,0
435,10,1,0,0
473,10,1,0,0
577,7,0,0,0
755,7,0,0,0
169,8,0,0,0
172,5,0,0,0
501,1,0,0,0
693,10,0,0,0
585,1,0,0,0
784,6,1,0,0
947,5,0,0,0
702,4,0,0,0
407,9,1,1,0
154,10,0,0,0
712,9,1,0,0
657,7,0,0,0
955,6,0,0,0
598,2,0,0,0
164,5,1,0,0
887,4,0,0,0
453,5,1,0,0
474,4,0,0,0
69,4,0,0,0
539,5,0,0,0
295,2,0,0,0
353,8,0,0,0
825,7,0,0,0
424,2,0,0,0
112,5,0,0,0
919,3,1,0,0
456,4,0,0,0
494,4,1,0,0
988,6,1,1,0
428,5,1,0,0
199,2,1,0,0
798,7,0,0,0
415,7,1,0,0
485,1,0,0,0
559,9,0,0,0
128,5,1,1,1
754,2,1,0,0
444,1,1,0,0
912,5,0,0,0
521,10,0,0,0
770,3,0,0,0
733,3,1,1,0
443,2,0,0,0
35,9,1,1,0
855,4,1,1,0
269,10,0,0,0
707,2,0,0,0
195,8,0,0,0
782,3,0,0,0
533,1,0,0,0
4,9,1,1,0
284,10,0,0,0
671,2,0,0,0
595,3,1,1,0
417,9,1,1,0
209,4,0,0,0
910,3,1,0,0
800,9,1,0,0
572,2,0,0,0
594,3,1,1,0
548,4,1,0,0
955,3,0,0,0
205,7,0,0,0
245,4,1,1,1
778,9,1,1,0
159,9,1,0,0
484,3,1,1,0
703,5,1,0,0
4,6,0,0,0
255,10,0,0,0
428,8,0,0,0
178,9,0,0,0
455,10,0,0,0
617,9,0,0,0
581,4,1,0,0
796,9,0,0,0
989,3,0,0,0
530,2,1,0,0
357,4,1,0,0
605,9,1,1,0
249,3,0,0,0
450,3,0,0,0
425,2,1,0,0
349,7,0,0,0
237,1,0,0,0
31,2,1,0,0
39,2,1,0,0
80,3,1,0,0
262,5,0,0,0
885,3,1,1,0
576,4,0,0,0
315,9,1,1,0
220,8,1,0,0
492,4,1,0,0
817,8,0,0,0
26,7,1,0,0
626,6,0,0,0
723,4,0,0,0
881,10,1,0,0
437,6,0,0,0
608,9,1,1,0
982,7,1,0,0
250,4,1,0,0
853,6,1,0,0
928,9,1,0,0
351,8,1,0,0
508,9,1,0,0
705,10,1,0,0
518,4,1,0,0
952,9,1,1,0
451,5,0,0,0
580,3,1,0,0
777,10,0,0,0
274,6,1,1,1
187,6,0,0,0
64,3,1,0,0
491,9,0,0,0
633,6,0,0,0
936,7,0,0,0
741,1,0,0,0
449,7,0,0,0
783,3,0,0,0
521,1,1,1,0
641,3,1,1,0
842,9,1,0,0
525,7,0,0,0
537,7,1,1,1
630,10,0,0,0
4,8,1,0,0
640,4,0,0,0
241,3,0,0,0
814,6,1,1,0
68,7,1,1,0
374,6,1,0,0
650,3,1,1,0
996,1,0,0,0
773,1,1,0,0
893,6,1,0,0
536,5,1,0,0
53,10,0,0,0
442,7,1,1,1
418,2,0,0,0
388,7,1,1,1
824,3,0,0,0
616,8,1,1,0
523,2,0,0,0
918,7,1,1,0
812,6,1,1,0
18,7,1,0,0
275,3,0,0,0
892,9,1,1,1
833,5,0,0,0
387,1,1,0,0
527,8,0,0,0
38,5,1,0,0
297,1,0,0,0
430,4,0,0,0
267,6,1,0,0
142,7,0,0,0
930,10,0,0,0
888,8,0,0,0
887,3,0,0,0
671,10,0,0,0
901,1,0,0,0
72,3,1,1,0
811,4,0,0,0
731,6,1,0,0
622,10,1,0,0
942,1,0,0,0
801,9,1,1,0
391,4,1,1,0
999,4,1,1,0
663,6,1,0,0
989,1,0,0,0
467,8,1,1,0
621,6,1,0,0
762,3,0,0,0
278,10,0,0,0
480,2,1,0,0
337,8,1,0,0
829,3,0,0,0
858,10,0,0,0
945,3,1,1,0
209,9,1,0,0
387,10,0,0,0
286,2,1,0,0
692,7,0,0,0
785,9,1,0,0
619,10,1,0,0
9,9,1,0,0
238,10,1,0,0
978,5,0,0,0
553,4,0,0,0
764,10,1,0,0
704,5,1,0,0
470,1,1,1,0
352,3,1,1,0
66,1,1,0,0
168,9,1,1,0
326,2,1,1,1
626,2,0,0,0
8,4,1,0,0
573,1,1,0,0
322,7,0,0,0
693,1,0,0,0
492,8,1,0,0
913,8,0,0,0
670,10,1,1,1
859,10,0,0,0
331,7,0,0,0
953,8,1,0,0
830,7,1,0,0
95,8,0,0,0
417,7,1,1,0
872,9,1,0,0
815,4,1,1,0
248,1,1,1,0
146,7,0,0,0
311,10,0,0,0
413,7,1,1,0
284,10,1,0,0
797,6,1,0,0
404,5,0,0,0
823,4,1,0,0
666,6,1,0,0
477,7,1,1,1
50,9,0,0,0
869,2,0,0,0
885,9,0,0,0
919,5,0,0,0
546,1,0,0,0
809,10,0,0,0
843,1,0,0,0
27,5,1,1,0
437,10,1,0,0
40,2,1,0,0
898,4,0,0,0
92,6,0,0,0
826,5,0,0,0
973,5,0,0,0
951,6,0,0,0
712,3,1,1,0
428,2,1,0,0
492,8,0,0,0
824,4,0,0,0
245,6,0,0,0
631,5,1,0,0
21,2,0,0,0
404,7,1,1,0
425,3,0,0,0
67,1,1,1,0
80,9,0,0,0
900,8,1,1,0
685,3,0,0,0
144,4,1,0,0
439,6,1,0,0
131,1,1,1,0
780,9,0,0,0
422,8,1,0,0
447,5,0,0,0
78,10,1,0,0
723,9,0,0,0
915,5,0,0,0
848,6,0,0,0
348,5,0,0,0
352,7,0,0,0
850,9,0,0,0
663,1,1,0,0
524,2,1,0,0
801,9,0,0,0
466,6,1,0,0
251,5,0,0,0
475,5,0,0,0
516,6,0,0,0
384,9,0,0,0
686,5,0,0,0
777,6,0,0,0
428,6,1,0,0
135,1,0,0,0
678,7,1,0,0
99,10,0,0,0
466,4,1,0,0
2,4,1,1,0
324,9,0,0,0
234,10,1,0,0
131,9,1,1,0
705,6,0,0,0
63,10,1,0,0
799,4,0,0,0
589,6,0,0,0
979,8,0,0,0
351,4,1,1,0
870,1,0,0,0
778,5,0,0,0
969,3,0,0,0
902,7,0,0,0
26,6,0,0,0
377,6,1,0,0
910,9,1,0,0
381,7,1,0,0
454,9,1,0,0
855,4,0,0,0
617,10,0,0,0
699,6,1,1,1
995,9,0,0,0
561,8,1,0,0
805,9,0,0,0
696,10,0,0,0
744,9,1,0,0
619,8,0,0,0
13,2,0,0,0
647,10,1,0,0
813,1,1,0,0
350,7,1,0,0
686,6,0,0,0
4,4,1,0,0
459,2,0,0,0
463,6,1,0,0
814,10,0,0,0
681,3,0,0,0
498,6,0,0,0
47,5,0,0,0
600,1,1,0,0
214,10,1,0,0
648,7,0,0,0
258,8,1,0,0
153,5,1,1,1
798,5,1,0,0
699,8,0,0,0
651,2,0,0,0
640,1,1,1,0
70,3,0,0,0
776,4,0,0,0
185,10,1,0,0
753,7,0,0,0
915,7,1,0,0
654,7,0,0,0
282,8,1,0,0
30,8,0,0,0
355,3,0,0,0
718,1,1,1,0
109,4,0,0,0
668,1,0,0,0
755,7,0,0,0
651,9,0,0,0
183,2,0,0,0
48,1,1,1,0
393,7,1,1,0
387,1,1,1,1
241,2,1,1,0
218,3,1,0,0
758,5,1,0,0
40,7,1,0,0
810,7,0,0,0
441,8,0,0,0
504,8,0,0,0
75,5,0,0,0
557,2,0,0,0
62,8,0,0,0
826,10,0,0,0
516,5,0,0,0
967,9,1,0,0
744,2,0,0,0
468,1,0,0,0
278,8,1,0,0
553,6,1,0,0
461,10,1,0,0
908,4,0,0,0
409,8,0,0,0
769,5,1,0,0
86,1,1,0,0
761,8,0,0,0
874,7,1,0,0
551,1,1,1,0
271,4,1,1,0
271,10,0,0,0
27,8,0,0,0
3,1,0,0,0
403,8,0,0,0
208,10,1,1,0
809,2,1,0,0
83,2,1,1,1
145,4,1,0,0
198,6,0,0,0
92,8,0,0,0
398,4,0,0,0
887,1,0,0,0
802,5,0,0,0
549,9,0,0,0
81,2,1,0,0
791,6,0,0,0
310,5,0,0,0
62,7,0,0,0
798,8,1,0,0
456,2,1,1,1
1,10,1,0,0
988,8,0,0,0
998,4,1,0,0
955,7,1,1,0
118,2,1,1,0
463,1,0,0,0
539,7,1,0,0
756,5,1,0,0
298,8,0,0,0
359,10,0,0,0
583,6,1,0,0
652,8,0,0,0
352,3,1,0,0
948,7,1,0,0
831,4,1,0,0
396,1,1,1,0
743,3,0,0,0
673,8,0,0,0
103,5,0,0,0
904,10,0,0,0
990,1,1,0,0
831,2,1,0,0
787,2,1,0,0
647,4,1,0,0
229,1,0,0,0
504,3,1,0,0
429,2,1,0,0
371,10,0,0,0
645,4,1,0,0
824,9,0,0,0
775,10,1,1,1
445,3,0,0,0
329,7,0,0,0
931,4,1,1,0
994,10,0,0,0
360,2,0,0,0
270,4,0,0,0
210,7,1,0,0
330,7,0,0,0
710,9,0,0,0
645,4,1,0,0
302,5,1,0,0
721,7,0,0,0
97,9,1,0,0
248,1,1,0,0
618,4,1,1,0
401,9,0,0,0
747,5,0,0,0
654,3,1,1,0
574,10,1,1,0
570,5,0,0,0
387,3,1,1,0
211,4,1,0,0
883,3,0,0,0
134,9,1,0,0
413,4,1,0,0
638,8,1,1,0
436,6,1,1,0
871,3,0,0,0
626,7,1,0,0
118,7,1,0,0
69,8,0,0,0
381,3,1,1,1
30,6,1,1,0
641,1,0,0,0
451,5,1,0,0
978,1,1,0,0
320,9,1,0,0
118,4,1,0,0
122,3,0,0,0
508,9,1,0,0
202,6,0,0,0
653,3,1,0,0
294,9,1,0,0
397,1,0,0,0
902,6,0,0,0
317,2,0,0,0
850,6,1,0,0
827,5,1,0,0
106,10,0,0,0
34,2,0,0,0
474,4,1,0,0
645,3,0,0,0
964,6,0,0,0
728,1,1,1,0
138,8,0,0,0
502,2,1,1,0
514,6,1,0,0
848,10,0,0,0
854,10,0,0,0
698,8,0,0,0
967,5,1,1,0
935,9,0,0,0
673,4,0,0,0
813,9,0,0,0
171,10,0,0,0
883,7,0,0,0
620,10,1,0,0
34,3,1,1,0
476,7,0,0,0
656,6,1,1,0
538,1,1,0,0
244,9,0,0,0
424,1,1,1,1
568,1,0,0,0
27,2,1,0,0
8,4,0,0,0
1,6,0,0,0
468,9,0,0,0
560,7,0,0,0
805,3,1,0,0
931,4,0,0,0
466,2,0,0,0
880,9,0,0,0
922,7,0,0,0
963,3,0,0,0
895,10,0,0,0
664,7,1,0,0
116,6,0,0,0
714,2,1,1,0
457,1,0,0,0
466,3,0,0,0
852,10,0,0,0
955,3,1,0,0
873,4,1,1,0
721,7,1,0,0
573,10,0,0,0
276,10,1,0,0
91,1,1,0,0
790,4,0,0,0
369,6,0,0,0
990,3,1,0,0
269,7,0,0,0
664,9,0,0,0
909,7,0,0,0
679,10,0,0,0
359,6,0,0,0
19,3,1,0,0
616,1,1,1,0
336,3,1,1,0
192,8,0,0,0
282,6,0,0,0
83,2,1,0,0
485,3,0,0,0
549,8,1,1,0
44,1,1,0,0
431,3,0,0,0
23,8,1,1,0
22,1,0,0,0
365,8,0,0,0
83,10,0,0,0
781,6,1,1,0
930,10,1,1,1
339,6,0,0,0
432,9,1,0,0
720,9,0,0,0
615,1,1,0,0
107,6,0,0,0
131,4,0,0,0
280,3,1,0,0
700,5,1,0,0
5,3,1,0,0
403,8,1,1,0
316,5,0,0,0
829,8,1,1,0
858,5,1,0,0
470,7,1,0,0
976,1,0,0,0
342,8,0,0,0
686,9,0,0,0
968,10,0,0,0
880,1,0,0,0
734,7,0,0,0
274,8,0,0,0
692,2,1,0,0
840,5,0,0,0
47,3,0,0,0
200,1,0,0,0
578,8,1,0,0
220,7,1,0,0
954,9,0,0,0
981,8,1,0,0
356,3,1,0,0
571,6,1,0,0
369,1,1,0,0
274,9,1,0,0
674,7,1,0,0
523,8,1,0,0
230,1,0,0,0
56,3,0,0,0
415,5,1,0,0
245,5,1,0,0
358,3,1,0,0
1000,9,1,0,0
838,2,1,1,1
337,7,1,0,0
784,4,0,0,0
343,2,1,1,0
536,2,0,0,0
203,9,1,0,0
373,10,1,0,0
183,10,1,1,0
682,4,0,0,0
906,3,0,0,0
472,8,1,1,0
83,9,0,0,0
882,2,0,0,0
803,8,1,0,0
199,7,1,0,0
850,5,0,0,0
887,10,0,0,0
450,2,1,0,0
789,5,1,1,0
993,5,1,1,0
972,9,1,0,0
733,9,0,0,0
93,9,1,1,0
393,5,1,0,0
58,9,1,0,0
425,6,1,1,0
744,2,0,0,0
754,1,1,0,0
881,6,0,0,0
680,2,0,0,0
430,1,0,0,0
307,1,1,1,0
929,9,0,0,0
637,6,1,0,0
329,6,1,0,0
656,3,0,0,0
233,1,1,0,0
462,4,1,0,0
801,9,0,0,0
357,10,0,0,0
784,5,1,1,0
177,4,1,0,0
831,6,0,0,0
988,3,0,0,0
80,2,1,1,0
831,8,1,0,0
341,2,1,0,0
527,7,1,0,0
138,8,0,0,0
158,4,0,0,0
476,5,0,0,0
133,9,0,0,0
46,7,0,0,0
800,8,0,0,0
213,4,1,1,0
3,3,1,0,0
214,4,1,0,0
76,7,1,0,0
607,9,0,0,0
155,2,1,1,1
897,2,1,0,0
980,4,1,0,0
98,8,1,0,0
666,4,0,0,0
375,1,1,0,0
814,5,1,0,0
905,3,1,1,1
342,5,0,0,0
37,6,1,1,1
919,4,1,0,0
783,7,0,0,0
985,2,0,0,0
628,1,0,0,0
273,6,0,0,0
485,6,0,0,0
202,5,0,0,0
519,8,0,0,0
771,6,0,0,0
925,4,1,0,0
343,6,0,0,0
522,6,1,0,0
539,3,0,0,0
628,10,1,0,0
594,9,1,1,0
45,6,0,0,0
983,4,1,0,0
930,9,0,0,0
472,10,0,0,0
416,7,0,0,0
592,5,0,0,0
312,5,0,0,0
380,1,1,0,0
466,6,0,0,0
342,7,0,0,0
610,10,1,1,0
662,7,0,0,0
407,10,1,0,0
767,3,1,0,0
207,3,0,0,0
19,1,1,1,0
108,1,1,1,1
481,2,1,0,0
391,4,0,0,0
781,2,1,0,0
151,1,1,0,0
561,7,0,0,0
137,3,0,0,0
162,9,0,0,0
939,2,1,0,0
652,5,1,1,0
756,10,1,1,1
175,5,0,0,0
23,3,0,0,0
708,3,0,0,0
16,1,0,0,0
196,3,0,0,0
619,3,1,0,0
272,4,0,0,0
501,10,1,1,0
732,4,0,0,0
331,7,1,1,1
652,8,0,0,0
755,9,1,1,0
500,7,1,0,0
772,10,1,1,0
957,6,1,0,0
385,2,0,0,0
658,8,1,1,1
612,1,0,0,0
386,1,1,1,0
497,4,0,0,0
739,6,0,0,0
742,3,1,0,0
937,4,1,1,0
329,10,1,1,1
886,8,1,0,0
557,3,0,0,0
66,5,1,1,0
191,3,1,1,1
202,9,0,0,0
202,9,0,0,0
346,10,1,1,1
395,3,0,0,0
790,10,1,0,0
838,1,1,0,0
285,5,0,0,0
176,5,0,0,0
190,10,1,0,0
258,6,0,0,0
27,9,1,0,0
590,4,0,0,0
161,10,1,1,0
202,8,0,0,0
880,6,1,1,0
213,9,0,0,0
966,10,1,0,0
82,10,1,0,0
349,4,0,0,0
594,5,0,0,0
371,10,1,0,0
190,6,1,1,0
715,4,1,1,1
6,8,0,0,0
573,7,0,0,0
571,7,0,0,0
306,7,1,0,0
772,6,1,1,0
761,10,0,0,0
276,9,0,0,0
758,6,0,0,0
43,9,1,0,0
681,3,1,0,0
886,1,1,0,0
341,3,0,0,0
651,5,1,0,0
816,2,0,0,0
914,6,0,0,0
183,5,1,0,0
147,7,0,0,0
918,9,1,0,0
805,10,0,0,0
757,6,1,0,0
206,7,1,1,1
785,6,1,1,0
733,3,0,0,0
441,6,0,0,0
751,4,1,0,0
418,2,0,0,0
306,1,1,0,0
490,2,0,0,0
273,4,1,1,0
45,10,0,0,0
344,7,0,0,0
667,1,0,0,0
80,3,1,1,0
373,3,0,0,0
449,9,1,1,0
642,7,1,1,0
643,4,1,1,0
478,1,0,0,0
753,1,1,0,0
751,1,0,0,0
139,5,0,0,0
10,6,1,0,0
305,3,1,0,0
116,9,0,0,0
21,1,1,1,0
56,1,1,1,1
74,5,1,1,1
32,5,0,0,0
17,7,0,0,0
134,2,1,1,0
470,1,0,0,0
212,2,1,0,0
820,6,0,0,0
223,2,1,0,0
526,8,1,0,0
790,7,1,1,0
367,2,1,0,0
354,2,1,1,0
581,6,1,0,0
273,3,0,0,0
702,3,1,0,0
351,4,0,0,0
126,2,1,1,0
929,7,0,0,0
886,8,0,0,0
263,4,0,0,0
270,2,1,0,0
403,2,0,0,0
11,5,1,0,0
221,2,1,1,0
509,4,0,0,0
192,3,1,0,0
450,3,0,0,0
559,5,1,0,0
766,3,1,0,0
562,9,1,0,0
36,10,1,0,0
132,6,1,0,0
833,4,0,0,0
945,10,1,1,0
801,2,0,0,0
967,5,0,0,0
27,10,0,0,0
169,10,0,0,0
114,10,1,0,0
678,3,0,0,0
314,2,1,0,0
885,5,1,0,0
820,6,0,0,0
306,6,1,0,0
153,7,0,0,0
249,9,1,1,1
875,7,1,0,0
562,2,1,0,0
39,6,0,0,0
976,3,0,0,0
716,8,0,0,0
839,5,0,0,0
20,7,0,0,0
633,9,1,0,0
680,7,0,0,0
69,1,1,0,0
138,5,1,1,0
516,10,0,0,0
649,6,0,0,0
734,4,0,0,0
761,2,0,0,0
183,1,1,0,0
688,4,0,0,0
849,7,1,0,0
17,2,0,0,0
940,3,1,0,0
696,3,1,0,0
895,7,1,0,0
903,9,0,0,0
434,2,1,0,0
872,1,0,0,0
28,10,1,1,0
675,8,0,0,0
222,7,1,0,0
794,9,0,0,0
224,10,1,1,0
415,8,1,1,0
363,1,1,1,0
665,1,0,0,0
50,10,1,0,0
562,4,0,0,0
427,10,0,0,0
370,1,0,0,0
360,6,0,0,0
320,2,1,0,0
865,3,1,0,0
50,6,1,1,1
716,3,0,0,0
451,7,0,0,0
596,2,0,0,0
760,5,0,0,0
423,8,0,0,0
243,3,1,0,0
461,8,0,0,0
979,2,1,0,0
786,8,0,0,0
381,1,1,0,0
286,4,0,0,0
756,2,1,1,0
363,3,1,0,0
636,6,0,0,0
734,9,0,0,0
844,9,0,0,0
598,1,1,1,1
435,8,0,0,0
453,6,1,0,0
377,4,1,0,0
910,6,1,0,0
265,8,0,0,0
509,1,1,1,0
175,1,0,0,0
781,1,1,0,0
505,9,0,0,0
877,1,0,0,0
4,4,0,0,0
822,1,0,0,0
868,4,0,0,0
833,7,1,0,0
612,10,0,0,0
591,8,0,0,0
533,9,1,0,0
87,10,1,1,0
511,7,0,0,0
50,5,1,1,0
803,10,0,0,0
724,7,1,0,0
445,3,0,0,0
707,3,0,0,0
903,8,1,0,0
442,2,0,0,0
349,5,0,0,0
174,7,0,0,0
764,3,0,0,0
423,6,1,0,0
925,2,1,0,0
520,7,1,0,0
640,10,1,0,0
871,4,0,0,0
361,4,1,0,0
546,1,0,0,0
239,9,0,0,0
421,2,1,0,0
734,4,1,1,0
387,1,1,0,0
525,6,0,0,0
480,10,1,1,0
772,4,1,0,0
542,4,0,0,0
14,3,1,1,0
170,8,1,0,0
410,2,1,1,0
983,3,1,1,0
774,7,0,0,0
5,9,1,0,0
969,7,1,1,1
637,8,1,0,0
723,5,0,0,0
753,6,0,0,0
134,10,1,0,0
571,6,0,0,0
939,1,1,0,0
642,6,1,0,0
706,4,0,0,0
204,5,1,1,0
400,10,1,0,0
536,2,0,0,0
45,3,1,1,0
231,3,1,0,0
887,2,0,0,0
207,1,1,0,0
818,2,1,1,0
816,5,0,0,0
967,1,1,0,0
368,1,0,0,0
934,4,0,0,0
73,3,1,0,0
618,5,0,0,0
214,4,1,1,1
111,5,1,0,0
726,5,1,0,0
905,6,0,0,0
469,5,0,0,0
539,3,0,0,0
841,4,0,0,0
61,1,1,0,0
458,8,1,0,0
329,4,1,1,1
930,7,1,0,0
668,4,0,0,0
214,4,1,0,0
260,8,1,1,1
849,2,1,1,0
154,10,1,0,0
726,2,1,0,0
788,3,1,0,0
427,5,1,0,0
713,8,1,1,0
486,4,1,0,0
781,7,0,0,0
267,7,0,0,0
82,8,0,0,0
610,7,1,0,0
63,10,1,1,0
336,7,0,0,0
927,6,0,0,0
457,9,1,0,0
641,9,0,0,0
392,6,1,0,0
962,8,1,1,0
290,6,0,0,0
908,4,0,0,0
799,3,1,1,0
429,6,0,0,0
186,10,1,0,0
936,7,0,0,0
184,8,1,0,0
350,5,1,0,0
240,5,0,0,0
620,8,0,0,0
338,4,1,0,0
644,3,1,0,0
703,1,0,0,0
340,5,1,0,0
408,6,1,0,0
625,1,0,0,0
968,9,0,0,0
708,10,1,0,0
855,8,0,0,0
280,4,0,0,0
151,9,1,0,0
788,9,1,1,0
278,5,0,0,0
26,3,0,0,0
246,9,1,0,0
181,5,1,1,0
160,10,0,0,0
549,1,1,0,0
528,9,1,0,0
912,10,1,0,0
553,8,0,0,0
262,3,1,1,0
477,2,1,1,0
360,8,0,0,0
550,2,1,1,0
126,7,1,0,0
67,8,0,0,0
388,8,0,0,0
241,9,0,0,0
716,4,1,1,0
583,2,0,0,0
888,2,1,0,0
677,7,1,1,0
945,7,1,0,0
959,2,0,0,0
185,5,0,0,0
645,3,1,0,0
264,8,0,0,0
912,9,1,0,0
704,8,1,0,0
402,8,0,0,0
654,5,0,0,0
145,6,1,0,0
709,3,1,0,0
980,6,0,0,0
612,9,0,0,0
27,10,0,0,0
300,2,0,0,0
796,8,0,0,0
258,6,0,0,0
853,2,1,1,0
355,6,0,0,0
879,3,0,0,0
571,2,0,0,0
619,1,1,1,1
446,8,1,0,0
999,10,1,0,0
847,2,0,0,0
100,7,0,0,0
198,7,1,1,0
9,4,1,1,0
756,3,1,1,0
34,2,0,0,0
346,5,0,0,0
788,10,1,0,0
300,10,0,0,0
782,8,1,0,0
825,8,1,1,1
370,7,0,0,0
379,9,0,0,0
192,1,0,0,0
921,5,0,0,0
338,5,0,0,0
937,4,1,0,0
631,9,1,0,0
448,9,0,0,0
853,5,1,1,0
920,10,1,0,0
32,7,0,0,0
770,3,0,0,0
780,4,1,0,0
649,1,0,0,0
804,1,1,0,0
302,3,1,1,0
775,2,0,0,0
629,3,0,0,0
980,4,1,0,0
495,9,1,1,0
62,10,0,0,0
515,8,0,0,0
896,2,0,0,0
142,1,0,0,0
524,3,0,0,0
602,10,0,0,0
108,6,0,0,0
800,6,0,0,0
502,7,1,0,0
446,9,0,0,0
741,7,0,0,0
973,4,0,0,0
318,1,0,0,0
886,6,0,0,0
534,1,1,0,0
824,4,0,0,0
840,5,0,0,0
940,4,0,0,0
269,4,1,1,0
105,2,0,0,0
932,6,0,0,0
635,10,1,0,0
592,2,0,0,0
992,2,1,0,0
907,10,1,0,0
617,2,0,0,0
389,5,0,0,0
502,7,0,0,0
583,3,1,0,0
931,6,0,0,0
209,7,1,0,0
923,10,0,0,0
912,2,0,0,0
14,2,1,0,0
349,4,0,0,0
216,10,1,1,0
865,4,1,0,0
505,4,1,0,0
61,1,0,0,0
202,6,1,1,1
824,1,0,0,0
353,7,1,1,0
950,5,0,0,0
885,5,0,0,0
565,6,1,1,0
100,7,1,0,0
167,5,0,0,0
864,6,0,0,0
689,5,1,0,0
83,10,0,0,0
379,4,0,0,0
642,1,0,0,0
526,10,0,0,0
711,7,0,0,0
704,1,1,0,0
936,6,1,1,0
734,1,1,0,0
194,10,1,0,0
812,9,1,1,1
335,9,0,0,0
810,4,1,0,0
197,8,0,0,0
220,8,0,0,0
53,6,1,1,1
705,5,1,0,0
259,9,1,1,1
80,4,1,0,0
741,10,1,0,0
121,5,1,0,0
328,1,0,0,0
567,2,0,0,0
728,7,0,0,0
507,1,0,0,0
39,5,0,0,0
742,3,1,1,0
682,5,0,0,0
9,10,0,0,0
170,6,1,0,0
717,10,1,0,0
442,2,1,1,0
680,10,1,1,0
60,10,1,1,0
678,3,0,0,0
342,3,0,0,0
113,2,1,1,0
907,5,0,0,0
162,5,0,0,0
614,7,0,0,0
139,7,1,0,0
135,2,0,0,0
423,10,1,0,0
939,1,1,0,0
79,2,0,0,0
727,4,0,0,0
713,1,0,0,0
430,8,0,0,0
400,8,1,1,0
192,4,0,0,0
398,9,0,0,0
289,7,1,1,0
180,9,0,0,0
768,8,0,0,0
659,1,1,0,0
525,10,1,0,0
351,10,0,0,0
943,5,1,1,0
538,2,0,0,0
407,3,1,0,0
504,3,1,0,0
27,9,0,0,0
947,2,1,1,0
853,6,0,0,0
939,6,0,0,0
587,9,1,0,0
383,6,0,0,0
366,6,1,1,0
638,7,0,0,0
142,2,1,1,0
145,5,1,1,0
687,3,1,0,0
680,3,0,0,0
913,3,0,0,0
659,8,0,0,0
394,6,0,0,0
670,4,0,0,0
344,8,1,1,0
251,2,0,0,0
781,7,1,0,0
739,6,0,0,0
63,4,0,0,0
905,3,0,0,0
225,1,1,0,0
119,2,0,0,0
68,5,0,0,0
86,5,1,1,0
477,8,0,0,0
988,6,0,0,0
632,3,1,0,0
913,8,0,0,0
438,1,1,1,0
410,10,1,0,0
754,9,1,0,0
360,7,1,0,0
314,2,1,0,0
217,6,0,0,0
875,8,0,0,0
633,10,1,0,0
718,8,1,0,0
519,1,1,1,0
454,2,0,0,0
631,5,0,0,0
800,6,1,1,0
132,1,0,0,0
68,3,0,0,0
997,1,1,0,0
379,10,1,1,0
242,3,0,0,0
783,9,0,0,0
828,5,0,0,0
218,2,0,0,0
973,2,1,0,0
757,10,1,0,0
899,7,1,1,0
619,9,1,1,1
811,2,1,0,0
379,8,0,0,0
936,4,1,1,0
959,9,1,1,0
134,4,1,1,0
742,5,1,0,0
551,5,1,0,0
872,4,1,0,0
663,9,1,1,0
687,1,1,1,1
471,2,1,0,0
911,8,0,0,0
286,1,1,0,0
160,8,0,0,0
617,5,1,0,0
283,5,0,0,0
453,10,0,0,0
416,7,0,0,0
294,5,1,0,0
753,8,1,0,0
123,9,0,0,0
417,2,0,0,0
758,8,0,0,0
303,8,1,0,0
996,9,1,1,0
129,8,1,0,0
709,4,0,0,0
656,9,0,0,0
326,7,0,0,0
840,4,1,1,0
649,6,1,1,0
612,8,1,0,0
742,8,0,0,0
488,8,0,0,0
853,5,0,0,0
21,2,1,1,0
269,2,1,1,0
483,3,0,0,0
112,3,1,0,0
708,3,1,0,0
808,3,1,1,0
108,8,1,0,0
442,6,1,1,0
946,7,0,0,0
778,5,1,0,0
449,5,0,0,0
518,3,0,0,0
25,3,0,0,0
53,5,0,0,0
4,7,0,0,0
416,1,1,0,0
732,1,1,1,0
742,5,0,0,0
638,7,1,0,0
450,3,1,0,0
165,2,1,1,0
860,10,1,0,0
809,3,0,0,0
384,1,0,0,0
43,7,1,0,0
117,6,1,0,0
223,7,1,1,0
271,2,1,0,0
928,1,0,0,0
814,3,0,0,0
551,10,0,0,0
765,1,1,0,0
148,4,1,1,0
99,6,0,0,0
714,8,0,0,0
605,3,1,1,0
363,4,1,1,0
973,5,0,0,0
277,3,0,0,0
34,8,0,0,0
924,5,0,0,0
81,1,0,0,0
170,3,1,0,0
612,6,1,1,0
752,7,0,0,0
169,9,1,0,0
402,8,1,1,0
928,9,1,0,0
121,2,0,0,0
826,4,0,0,0
669,6,0,0,0
704,10,0,0,0
968,4,0,0,0
373,3,0,0,0
216,8,0,0,0
815,9,1,1,0
408,4,0,0,0
271,5,0,0,0
420,1,1,0,0
949,3,1,0,0
376,6,1,1,0
202,10,1,1,0
906,5,1,1,1
850,1,1,1,0
390,2,1,0,0
153,10,0,0,0
665,6,1,0,0
46,5,1,1,0
502,8,0,0,0
171,10,0,0,0
900,1,1,0,0
798,3,1,1,0
973,8,0,0,0
772,5,0,0,0
791,6,1,0,0
919,6,1,1,0
88,10,0,0,0
934,7,0,0,0
750,4,1,0,0
883,3,0,0,0
73,2,1,0,0
834,8,0,0,0
729,3,1,1,0
80,7,1,1,0
782,3,1,0,0
902,10,0,0,0
947,6,0,0,0
560,5,0,0,0
566,8,0,0,0
490,7,1,0,0
502,7,0,0,0
166,3,1,0,0
952,6,1,0,0
447,7,0,0,0
512,10,0,0,0
241,5,0,0,0
527,4,0,0,0
484,9,0,0,0
402,2,0,0,0
591,3,1,0,0
416,7,1,0,0
556,1,0,0,0
428,6,1,0,0
53,1,0,0,0
191,3,0,0,0
14,10,1,0,0
709,7,0,0,0
288,8,0,0,0
634,3,0,0,0
241,4,0,0,0
272,3,1,0,0
222,8,0,0,0
181,8,1,0,0
593,3,0,0,0
702,7,0,0,0
336,5,1,0,0
511,7,0,0,0
626,4,0,0,0
963,7,0,0,0
145,5,0,0,0
696,8,0,0,0
818,9,0,0,0
801,10,0,0,0
108,7,1,0,0
681,9,0,0,0
604,9,0,0,0
615,9,0,0,0
270,1,0,0,0
237,7,0,0,0
449,3,0,0,0
338,3,1,0,0
496,6,0,0,0
817,3,1,1,0
105,6,1,1,0
796,2,1,1,0
593,4,1,0,0
581,8,0,0,0
88,7,1,0,0
800,2,1,0,0
794,5,1,1,0
231,4,1,0,0
739,1,1,0,0
332,3,1,0,0
313,8,1,0,0
1000,2,0,0,0
218,3,0,0,0
465,3,0,0,0
755,10,0,0,0
597,2,0,0,0
338,6,1,0,0
794,7,0,0,0
444,10,0,0,0
807,2,1,0,0
756,7,1,0,0
634,10,1,0,0
965,10,0,0,0
423,10,1,0,0
759,3,1,0,0
203,7,0,0,0
586,10,1,0,0
868,5,1,0,0
462,1,0,0,0
998,3,1,1,0
873,7,1,0,0
441,4,0,0,0
510,8,0,0,0
726,5,1,0,0
186,3,0,0,0
879,3,0,0,0
830,10,1,1,0
685,10,1,1,0
939,4,0,0,0
107,8,1,0,0
606,6,1,1,0
747,9,0,0,0
241,3,1,1,0
213,6,1,1,0
989,4,0,0,0
750,4,1,0,0
68,8,1,0,0
620,2,0,0,0
778,6,1,1,0
88,6,1,0,0
217,4,1,0,0
332,5,0,0,0
497,7,0,0,0
706,3,0,0,0
408,9,0,0,0
584,10,0,0,0
43,3,1,1,0
571,7,1,1,1
775,10,0,0,0
438,3,0,0,0
612,10,1,0,0
110,5,0,0,0
103,4,1,1,0
943,9,0,0,0
478,5,1,1,0
846,1,1,1,1
699,1,1,1,0
813,4,1,0,0
131,8,1,0,0
428,10,1,0,0
824,2,1,0,0
111,8,0,0,0
679,7,1,0,0
458,3,1,1,0
280,2,0,0,0
631,2,1,1,1
566,8,1,0,0
959,9,1,0,0
504,5,1,0,0
910,2,0,0,0
654,6,0,0,0
998,6,1,1,1
267,7,1,0,0
445,2,0,0,0
555,5,1,0,0
233,10,0,0,0
345,5,1,1,0
839,10,1,0,0
596,5,0,0,0
265,3,0,0,0
771,1,1,0,0
419,1,1,0,0
522,6,0,0,0
191,4,1,1,0
964,4,0,0,0
633,10,0,0,0
222,5,1,0,0
956,6,0,0,0
111,10,1,0,0
478,7,1,0,0
525,6,0,0,0
674,10,1,0,0
146,6,0,0,0
201,7,1,1,0
79,8,1,1,0
989,7,0,0,0
989,6,1,0,0
276,6,1,1,1
436,10,0,0,0
674,3,1,0,0
242,1,1,0,0
534,6,1,0,0
284,2,1,0,0
718,10,1,0,0
88,5,1,0,0
270,3,0,0,0
365,5,0,0,0
896,1,1,0,0
399,3,1,0,0
564,6,1,0,0
972,6,1,1,0
763,8,0,0,0
810,1,1,0,0
378,5,0,0,0
957,4,1,0,0
988,8,0,0,0
623,8,1,0,0
597,1,1,1,0
363,2,1,0,0
820,4,1,1,1
418,2,1,0,0
279,2,1,0,0
512,1,0,0,0
578,3,0,0,0
54,10,0,0,0
843,6,0,0,0
776,4,0,0,0
5,3,0,0,0
96,5,1,1,0
867,8,1,1,0
632,10,0,0,0
726,6,0,0,0
517,4,1,1,0
259,10,0,0,0
300,6,1,1,0
290,5,1,0,0
845,7,0,0,0
201,4,0,0,0
796,9,0,0,0
888,7,1,0,0
213,5,1,1,0
811,1,0,0,0
302,2,0,0,0
43,2,0,0,0
416,5,1,0,0
43,4,1,0,0
580,4,1,0,0
122,8,1,0,0
641,4,1,0,0
292,4,0,0,0
981,8,0,0,0
561,3,0,0,0
641,9,0,0,0
95,7,0,0,0
906,7,0,0,0
583,3,0,0,0
69,9,0,0,0
651,9,1,0,0
692,2,0,0,0
558,1,0,0,0
948,4,0,0,0
909,7,0,0,0
789,3,1,0,0
904,6,1,0,0
802,6,0,0,0
926,2,1,1,0
358,5,0,0,0
536,7,1,0,0
607,10,0,0,0
680,3,1,1,0
515,5,0,0,0
59,4,0,0,0
487,6,0,0,0
268,6,0,0,0
622,1,0,0,0
671,4,0,0,0
142,9,1,0,0
630,6,1,0,0
591,2,0,0,0
393,8,0,0,0
226,4,0,0,0
456,7,0,0,0
971,5,1,0,0
880,3,0,0,0
401,9,1,0,0
242,9,0,0,0
742,6,1,0,0
28,2,0,0,0
697,2,0,0,0
311,5,1,0,0
145,1,1,0,0
818,9,1,1,0
138,3,1,1,1
740,8,0,0,0
138,6,1,1,0
643,10,1,0,0
588,2,0,0,0
985,4,0,0,0
7,5,0,0,0
741,1,0,0,0
656,8,0,0,0
521,2,0,0,0
154,10,0,0,0
853,8,1,1,0
906,2,1,0,0
442,4,0,0,0
781,10,1,1,1
955,4,1,0,0
719,1,0,0,0
163,6,0,0,0
479,7,0,0,0
546,10,1,0,0
121,3,0,0,0
874,4,1,1,1
311,6,0,0,0
655,10,1,0,0
960,6,1,0,0
176,10,1,1,0
34,10,1,0,0
77,5,1,0,0
214,8,1,0,0
774,8,1,0,0
358,7,0,0,0
363,9,1,0,0
510,7,1,0,0
921,6,1,0,0
5,6,1,0,0
575,7,0,0,0
54,7,1,0,0
793,10,1,0,0
886,6,1,0,0
102,6,0,0,0
321,10,0,0,0
895,6,0,0,0
3,5,1,0,0
435,5,0,0,0
512,10,1,0,0
49,5,1,1,0
7,7,1,0,0
520,3,0,0,0
428,3,1,1,0
645,3,1,1,0
655,10,0,0,0
185,6,0,0,0
113,3,0,0,0
575,1,0,0,0
595,5,0,0,0
392,3,1,0,0
332,2,1,0,0
270,10,1,0,0
323,2,1,0,0
690,10,0,0,0
574,10,1,1,0
748,9,0,0,0
887,4,1,1,0
677,5,1,0,0
444,10,0,0,0
781,10,1,1,0
485,6,1,1,0
133,1,0,0,0
68,9,0,0,0
509,5,0,0,0
82,5,1,1,1
27,10,1,1,0
952,1,0,0,0
289,6,1,0,0
105,10,1,0,0
986,5,1,0,0
29,6,0,0,0
533,4,1,0,0
298,6,1,0,0
307,3,1,1,1
693,9,0,0,0
898,9,1,0,0
559,7,0,0,0
477,9,1,1,1
724,6,1,1,0
124,10,1,1,0
588,4,0,0,0
459,8,1,0,0
857,8,0,0,0
31,7,1,0,0
930,7,0,0,0
836,2,1,1,0
837,9,0,0,0
570,4,1,0,0
321,6,1,0,0
164,8,1,0,0
710,7,1,0,0
908,3,0,0,0
673,2,1,0,0
689,5,1,0,0
446,1,0,0,0
510,7,0,0,0
20,1,0,0,0
729,4,0,0,0
674,3,1,0,0
946,10,0,0,0
601,7,1,0,0
343,8,0,0,0
721,5,0,0,0
576,6,1,0,0
581,9,1,1,0
88,4,1,0,0
542,8,1,0,0
116,9,0,0,0
645,2,0,0,0
739,4,0,0,0
816,8,0,0,0
959,3,1,0,0
207,2,0,0,0
645,8,1,1,0
686,8,0,0,0
149,8,0,0,0
427,4,1,0,0
764,9,0,0,0
632,1,1,0,0
197,3,0,0,0
755,1,0,0,0
186,1,0,0,0
834,4,1,1,0
795,9,1,1,0
426,5,0,0,0
823,1,1,0,0
685,6,1,0,0
16,3,0,0,0
100,8,1,1,0
724,2,0,0,0
873,2,0,0,0
507,8,0,0,0
912,1,1,1,1
485,10,1,0,0
341,2,0,0,0
356,9,1,1,0
239,7,0,0,0
779,3,0,0,0
84,6,0,0,0
628,8,0,0,0
295,7,1,0,0
84,2,0,0,0
9,1,1,0,0
968,2,1,1,0
275,1,0,0,0
673,7,1,0,0
346,4,1,1,0
120,4,1,1,0
108,4,1,1,0
555,10,1,1,0
577,2,1,1,1
600,10,1,0,0
685,10,1,0,0
450,3,1,0,0
675,1,1,1,0
806,5,1,0,0
696,2,0,0,0
422,4,1,0,0
964,5,1,0,0
309,5,1,1,0
821,6,1,0,0
300,6,1,1,1
325,3,0,0,0
18,9,1,1,0
917,1,0,0,0
951,9,1,1,1
611,2,1,1,0
796,7,0,0,0
631,4,1,1,0
917,3,1,0,0
371,5,1,0,0
168,5,0,0,0
169,6,0,0,0
734,4,0,0,0
282,2,0,0,0
295,8,0,0,0
185,4,0,0,0
45,8,1,0,0
614,8,1,0,0
966,1,1,1,0
940,10,1,1,0
215,4,1,0,0
544,6,1,1,0
991,8,0,0,0
952,9,1,0,0
993,7,0,0,0
163,2,0,0,0
790,6,1,0,0
745,1,0,0,0
578,10,1,0,0
541,2,0,0,0
819,10,0,0,0
838,9,1,1,1
293,3,0,0,0
422,5,0,0,0
206,10,0,0,0
201,4,1,1,0
465,2,1,0,0
52,10,1,1,1
190,5,0,0,0
284,4,0,0,0
887,1,0,0,0
698,8,0,0,0
115,7,0,0,0
227,3,0,0,0
4,9,1,0,0
175,5,1,0,0
245,10,1,0,0
945,8,0,0,0
918,3,0,0,0
933,3,0,0,0
831,9,1,0,0
80,1,1,0,0
311,2,0,0,0
483,3,0,0,0
181,1,1,1,0
597,2,1,0,0
216,2,1,1,0
957,10,0,0,0
591,6,1,0,0
437,7,0,0,0
58,2,1,0,0
54,6,0,0,0
148,8,1,1,1
120,3,1,0,0
100,7,0,0,0
348,8,0,0,0
20,4,1,1,0
769,9,1,0,0
320,4,1,0,0
243,9,1,0,0
462,2,1,0,0
375,9,1,0,0
887,7,0,0,0
882,1,0,0,0
110,3,0,0,0
549,3,0,0,0
417,4,0,0,0
339,2,1,0,0
143,10,0,0,0
762,4,0,0,0
54,3,0,0,0
372,1,1,1,0
690,5,1,0,0
693,6,0,0,0
885,3,0,0,0
334,5,0,0,0
721,5,1,1,0
832,2,1,0,0
305,6,1,0,0
976,1,1,0,0
395,6,0,0,0
364,5,0,0,0
854,4,0,0,0
448,7,1,1,0
764,3,1,0,0
420,8,0,0,0
451,10,1,1,0
285,6,0,0,0
775,3,1,0,0
175,1,1,0,0
438,5,1,0,0
376,5,0,0,0
385,5,1,0,0
494,2,0,0,0
298,9,1,1,0
228,2,1,0,0
439,1,0,0,0
357,7,0,0,0
618,6,1,1,0
950,2,0,0,0
791,6,0,0,0
262,1,1,0,0
356,1,0,0,0
626,1,1,1,0
28,9,1,0,0
347,9,0,0,0
515,4,1,0,0
576,8,1,1,0
460,10,1,0,0
300,3,1,1,0
749,5,0,0,0
394,9,0,0,0
817,8,0,0,0
262,10,1,0,0
541,6,1,0,0
827,8,0,0,0
493,3,1,0,0
110,6,1,1,0
557,7,0,0,0
797,10,1,0,0
111,10,1,0,0
696,3,0,0,0
73,10,1,0,0
476,6,0,0,0
222,8,0,0,0
21,1,0,0,0
746,10,0,0,0
657,7,1,0,0
326,2,0,0,0
57,6,1,0,0
835,3,0,0,0
577,4,0,0,0
21,2,1,1,0
810,2,1,1,0
994,5,1,1,0
674,1,0,0,0
438,8,0,0,0
15,7,1,0,0
158,9,0,0,0
468,2,1,1,0
906,1,0,0,0
973,8,0,0,0
634,8,0,0,0
542,5,0,0,0
606,1,1,0,0
715,4,1,0,0
999,7,1,1,0
459,6,0,0,0
503,5,0,0,0
87,1,1,0,0
993,7,0,0,0
53,1,1,0,0
136,6,1,1,0
888,2,1,0,0
387,2,0,0,0
540,6,0,0,0
831,8,0,0,0
7,8,0,0,0
850,1,0,0,0
7,3,0,0,0
136,2,0,0,0
720,7,0,0,0
895,10,0,0,0
327,2,0,0,0
125,2,0,0,0
752,7,0,0,0
809,5,0,0,0
6,7,0,0,0
531,8,1,0,0
41,2,0,0,0
82,2,1,0,0
154,3,1,1,1
792,3,1,1,0
396,2,1,0,0
112,2,1,0,0
833,6,1,1,0
806,10,1,0,0
161,5,1,1,1
923,2,0,0,0
938,6,0,0,0
52,6,1,0,0
633,6,1,0,0
902,3,0,0,0
786,3,1,1,0
184,4,1,1,0
676,8,0,0,0
966,2,1,1,0
158,1,0,0,0
18,7,0,0,0
707,4,0,0,0
15,4,0,0,0
797,9,0,0,0
852,8,1,0,0
183,9,1,1,0
511,4,1,0,0
45,5,0,0,0
937,7,1,1,0
460,7,1,0,0
582,7,0,0,0
648,3,0,0,0
320,10,1,0,0
929,1,0,0,0
505,2,1,0,0
336,5,1,1,0
870,5,1,0,0
353,8,1,0,0
121,4,1,0,0
172,8,1,1,1
651,3,0,0,0
150,3,1,0,0
437,6,1,0,0
548,5,1,0,0
512,5,0,0,0
706,5,1,0,0
664,1,1,0,0
914,1,0,0,0
160,2,0,0,0
775,10,1,1,0
938,4,1,0,0
221,3,0,0,0
313,6,0,0,0
224,6,0,0,0
829,3,1,0,0
793,9,0,0,0
789,8,1,0,0
153,1,1,1,0
862,10,0,0,0
116,4,0,0,0
829,8,0,0,0
922,6,1,1,0
9,2,1,0,0
118,2,1,0,0
542,2,1,0,0
217,2,1,0,0
562,2,1,1,0
367,9,0,0,0
942,7,1,0,0
386,4,1,1,0
374,1,1,0,0
840,10,1,0,0
124,6,0,0,0
40,10,0,0,0
64,1,0,0,0
143,8,1,1,1
694,7,1,1,0
297,3,1,0,0
644,4,1,0,0
855,9,0,0,0
392,4,0,0,0
893,7,0,0,0
232,2,1,0,0
317,4,0,0,0
765,1,0,0,0
516,8,1,1,0
283,2,0,0,0
988,3,1,0,0
299,3,1,0,0
32,7,0,0,0
910,2,1,0,0
519,4,1,0,0
423,8,0,0,0
138,9,1,0,0
894,1,1,0,0
673,8,1,0,0
300,8,1,1,0
604,8,1,1,0
668,5,0,0,0
470,10,1,0,0
192,5,0,0,0
746,5,1,1,0
126,1,0,0,0
116,5,0,0,0
857,8,1,1,0
820,5,1,0,0
665,1,1,1,0
635,9,1,0,0
132,7,1,0,0
870,4,0,0,0
581,6,0,0,0
949,1,0,0,0
764,3,0,0,0
965,4,1,0,0
188,6,1,0,0
466,8,1,0,0
109,3,0,0,0
737,8,1,1,0
126,4,0,0,0
756,2,0,0,0
456,6,0,0,0
503,4,0,0,0
374,9,0,0,0
422,3,0,0,0
648,3,1,0,0
345,2,0,0,0
317,5,1,0,0
567,8,0,0,0
237,6,1,1,0
357,9,0,0,0
935,1,0,0,0
286,9,1,0,0
339,7,0,0,0
739,8,0,0,0
626,7,0,0,0
877,2,1,1,0
660,10,1,1,1
956,9,0,0,0
678,8,1,0,0
493,6,1,1,0
323,4,0,0,0
810,3,1,0,0
710,10,0,0,0
767,6,1,0,0
847,7,0,0,0
107,3,1,0,0
756,7,1,0,0
282,5,1,0,0
431,5,0,0,0
211,2,0,0,0
90,6,0,0,0
725,9,1,0,0
397,3,1,1,1
531,1,0,0,0
673,1,1,0,0
769,7,0,0,0
174,4,0,0,0
564,6,1,0,0
149,10,0,0,0
438,6,0,0,0
64,8,1,1,0
819,10,0,0,0
524,5,1,1,0
316,4,1,0,0
5,8,0,0,0
835,8,1,0,0
298,2,1,0,0
842,6,1,0,0
514,4,0,0,0
412,4,0,0,0
776,3,0,0,0
911,4,1,1,0
753,6,1,1,0
834,7,1,0,0
465,1,1,0,0
848,6,0,0,0
468,7,0,0,0
959,7,1,0,0
729,3,1,1,0
526,10,1,1,1
881,4,1,0,0
395,5,0,0,0
727,5,1,1,1
185,5,0,0,0
691,5,0,0,0
583,7,0,0,0
216,6,1,0,0
69,9,1,1,1
8,9,0,0,0
544,9,1,1,0
607,4,0,0,0
489,2,0,0,0
519,10,0,0,0
573,2,0,0,0
132,2,1,0,0
538,2,1,1,1
468,7,1,0,0
106,9,0,0,0
989,9,0,0,0
701,6,1,0,0
130,7,0,0,0
314,10,0,0,0
342,3,0,0,0
173,9,0,0,0
929,7,0,0,0
500,8,1,1,0
80,4,0,0,0
867,10,0,0,0
584,4,1,0,0
246,6,0,0,0
731,8,0,0,0
803,6,1,0,0
976,8,1,0,0
65,2,1,0,0
329,7,0,0,0
346,2,1,0,0
174,8,1,1,1
786,6,0,0,0
199,7,1,0,0
548,2,0,0,0
295,2,0,0,0
804,6,0,0,0
193,4,0,0,0
731,8,1,0,0
426,9,1,0,0
763,5,1,1,0
312,5,1,0,0
118,9,0,0,0
676,3,1,1,0
777,3,0,0,0
523,9,1,0,0
287,1,1,0,0
349,2,1,1,0
318,7,0,0,0
426,6,1,1,0
942,7,1,0,0
559,8,0,0,0
81,4,1,1,0
245,9,1,1,0
270,2,0,0,0
435,6,0,0,0
139,10,1,0,0
392,6,1,0,0
973,1,1,0,0
647,1,1,0,0
914,10,0,0,0
220,7,0,0,0
499,8,1,0,0
884,9,1,1,1
125,2,1,1,0
722,1,0,0,0
224,5,0,0,0
638,4,0,0,0
524,3,1,0,0
117,8,1,0,0
704,3,0,0,0
217,2,0,0,0
448,7,0,0,0
369,2,1,1,0
810,9,1,0,0
658,10,1,0,0
525,5,1,0,0
641,8,1,0,0
595,8,1,0,0
102,5,0,0,0
470,10,0,0,0
663,10,1,0,0
954,7,0,0,0
820,4,0,0,0
665,4,1,1,0
781,8,0,0,0
878,7,1,0,0
192,7,1,1,1
51,6,1,1,0
268,2,0,0,0
280,3,0,0,0
752,8,0,0,0
98,4,1,0,0
346,3,0,0,0
488,7,1,0,0
255,10,0,0,0
73,1,1,0,0
965,10,1,0,0
774,10,0,0,0
211,9,1,1,0
408,2,1,0,0
712,10,0,0,0
386,3,1,0,0
973,4,0,0,0
769,2,1,1,0
872,2,1,0,0
957,9,1,0,0
701,5,0,0,0
183,1,1,1,0
533,6,0,0,0
320,1,0,0,0
889,3,0,0,0
33,4,1,1,0
188,4,1,0,0
223,2,1,0,0
307,3,0,0,0
451,2,1,1,0
403,3,1,0,0
778,8,0,0,0
950,5,1,0,0
985,10,0,0,0
101,1,0,0,0
507,3,0,0,0
555,3,1,0,0
726,6,0,0,0
925,8,0,0,0
750,8,1,0,0
281,1,1,1,0
837,2,1,0,0
998,6,1,0,0
625,7,0,0,0
360,8,1,1,1
435,6,0,0,0
447,3,1,0,0
453,9,0,0,0
460,8,1,0,0
693,8,0,0,0
183,2,0,0,0
875,10,0,0,0
505,7,0,0,0
502,1,1,1,0
131,3,0,0,0
435,3,1,0,0
518,5,1,1,1
1,1,0,0,0
621,9,0,0,0
773,1,1,0,0
991,5,1,0,0
349,10,1,0,0
90,9,1,0,0
751,5,1,0,0
617,4,1,0,0
8,4,0,0,0
171,7,0,0,0
27,4,1,0,0
994,8,1,0,0
294,6,1,0,0
919,7,1,0,0
267,7,1,1,0
115,4,1,1,0
154,3,0,0,0
380,1,1,0,0
403,5,1,1,1
709,6,0,0,0
586,5,0,0,0
757,8,1,0,0
101,5,0,0,0
676,7,0,0,0
260,8,1,1,0
207,9,1,0,0
825,9,0,0,0
493,2,0,0,0
51,3,0,0,0
734,9,1,1,0
671,10,1,1,0
613,10,0,0,0
618,4,1,0,0
774,10,0,0,0
252,9,0,0,0
742,4,0,0,0
568,9,1,0,0
565,7,0,0,0
354,9,0,0,0
983,8,0,0,0
571,7,0,0,0
933,7,0,0,0
341,1,1,1,1
651,10,1,0,0
492,9,0,0,0
137,2,1,1,0
386,9,0,0,0
612,7,1,0,0
683,4,0,0,0
952,5,0,0,0
609,10,0,0,0
158,3,1,1,0
445,3,1,0,0
920,1,0,0,0
468,8,1,0,0
687,4,1,0,0
624,1,1,1,0
449,5,1,0,0
807,10,1,0,0
223,1,0,0,0
44,7,1,1,0
998,5,0,0,0
398,2,0,0,0
727,4,0,0,0
156,5,0,0,0
399,6,1,0,0
541,9,0,0,0
114,10,1,0,0
84,4,1,0,0
595,5,0,0,0
410,4,0,0,0
187,5,1,0,0
209,10,1,0,0
151,7,1,0,0
567,5,1,1,0
521,6,0,0,0
28,10,0,0,0
704,10,1,0,0
803,5,0,0,0
953,6,1,0,0
893,5,0,0,0
318,9,0,0,0
354,10,1,0,0
232,5,1,0,0
301,10,1,1,0
512,10,1,1,1
154,3,1,0,0
715,7,0,0,0
388,2,1,0,0
243,1,1,0,0
152,8,0,0,0
140,8,0,0,0
877,8,1,0,0
627,8,1,0,0
250,9,1,0,0
919,6,0,0,0
259,6,0,0,0
892,9,0,0,0
694,1,1,0,0
953,7,0,0,0
159,1,0,0,0
26,7,1,1,1
974,6,0,0,0
950,6,1,0,0
888,10,0,0,0
886,3,0,0,0
447,6,1,1,0
218,3,0,0,0
99,5,0,0,0
637,10,1,1,1
932,8,1,0,0
204,4,1,0,0
245,9,0,0,0
325,7,0,0,0
43,8,1,0,0
358,7,0,0,0
14,7,1,0,0
422,2,0,0,0
828,3,0,0,0
515,2,1,1,0
465,4,0,0,0
704,7,0,0,0
853,9,0,0,0
71,5,0,0,0
825,9,1,1,0
962,4,1,1,0
800,3,0,0,0
515,6,1,1,1
329,7,0,0,0
574,4,0,0,0
585,2,0,0,0
669,7,0,0,0
269,9,0,0,0
541,10,1,0,0
565,2,1,1,0
895,4,1,1,1
316,8,1,0,0
638,3,0,0,0
965,1,1,0,0
543,8,1,1,0
345,7,0,0,0
805,1,1,1,1
7,10,1,0,0
111,6,1,1,0
880,2,0,0,0
861,4,0,0,0
384,7,1,1,0
867,6,1,0,0
358,10,0,0,0
855,9,0,0,0
713,8,1,0,0
589,4,1,1,0
991,4,1,0,0
949,10,0,0,0
232,8,1,0,0
898,10,0,0,0
722,4,0,0,0
85,10,1,0,0
19,10,1,0,0
28,3,0,0,0
801,5,1,0,0
891,5,1,1,0
258,4,0,0,0
83,2,0,0,0
833,10,0,0,0
134,7,0,0,0
137,4,1,0,0
648,9,1,0,0
802,4,0,0,0
8,10,0,0,0
101,5,0,0,0
256,8,1,0,0
213,5,0,0,0
904,3,1,1,1
374,7,1,1,1
921,9,1,0,0
545,1,1,0,0
42,1,1,0,0
733,6,0,0,0
717,4,1,0,0
336,8,0,0,0
55,2,1,0,0
705,6,1,1,0
574,1,1,0,0
990,5,1,0,0
819,5,0,0,0
356,2,0,0,0
910,10,1,1,0
37,1,1,1,0
425,3,1,0,0
550,9,1,0,0
684,6,1,1,0
796,7,0,0,0
510,8,0,0,0
619,10,1,0,0
47,3,1,0,0
283,5,0,0,0
239,9,0,0,0
855,7,0,0,0
189,7,0,0,0
523,5,1,0,0
540,7,0,0,0
320,7,0,0,0
562,9,0,0,0
414,4,0,0,0
62,6,1,0,0
206,2,0,0,0
694,4,1,1,1
835,2,1,0,0
168,8,1,0,0
305,5,1,0,0
592,4,1,0,0
789,10,1,1,1
495,7,0,0,0
625,7,0,0,0
903,3,0,0,0
350,9,1,0,0
124,4,1,0,0
698,8,1,0,0
458,5,1,1,0
887,8,0,0,0
625,8,0,0,0
589,7,0,0,0
764,8,0,0,0
450,8,1,0,0
395,2,0,0,0
759,5,0,0,0
519,1,1,1,1
600,3,1,1,0
527,7,1,1,0
319,9,0,0,0
866,2,1,1,0
684,7,1,1,0
121,5,1,0,0
505,6,1,1,0
21,2,0,0,0
98,5,1,0,0
112,7,1,0,0
360,8,1,0,0
193,8,0,0,0
531,5,1,0,0
742,10,0,0,0
207,5,0,0,0
645,8,0,0,0
16,10,0,0,0
499,2,0,0,0
105,5,1,0,0
102,5,1,1,0
556,8,1,1,0
393,9,0,0,0
979,8,0,0,0
610,7,0,0,0
866,9,1,0,0
548,5,0,0,0
917,9,0,0,0
392,9,0,0,0
879,8,1,0,0
201,1,0,0,0
467,1,0,0,0
395,5,1,0,0
679,1,1,1,0
268,6,1,0,0
691,10,0,0,0
524,2,0,0,0
182,8,1,1,1
828,8,1,1,0
171,4,0,0,0
878,6,1,1,0
269,4,0,0,0
939,7,0,0,0
340,10,0,0,0
267,8,0,0,0
366,4,0,0,0
169,7,1,0,0
989,6,1,1,0
985,10,0,0,0
788,5,1,0,0
356,10,1,1,0
649,7,1,1,0
733,1,0,0,0
12,6,1,1,0
265,4,0,0,0
939,7,0,0,0
630,2,1,1,1
445,6,0,0,0
657,3,1,1,1
907,3,1,0,0
553,10,1,1,0
172,4,0,0,0
624,10,1,1,0
551,10,0,0,0
308,6,1,0,0
160,6,0,0,0
657,8,0,0,0
330,3,1,0,0
470,6,1,0,0
105,3,1,0,0
207,9,1,0,0
439,8,0,0,0
792,8,1,0,0
216,2,0,0,0
81,3,0,0,0
643,2,0,0,0
230,9,0,0,0
216,5,1,0,0
76,5,0,0,0
220,6,1,0,0
777,6,1,0,0
730,4,1,1,0
994,4,1,0,0
371,3,0,0,0
221,1,1,0,0
961,6,0,0,0
955,6,0,0,0
988,2,0,0,0
294,7,1,1,1
22,7,1,0,0
996,5,0,0,0
799,6,1,1,0
18,9,1,0,0
681,2,0,0,0
821,4,0,0,0
167,3,0,0,0
733,3,0,0,0
597,6,0,0,0
833,7,1,1,1
140,4,0,0,0
569,6,0,0,0
958,3,1,1,0
643,3,1,0,0
765,3,1,0,0
303,5,0,0,0
345,1,1,1,0
403,8,1,1,0
513,1,1,0,0
696,2,0,0,0
103,4,1,0,0
433,9,0,0,0
724,7,1,1,0
346,6,0,0,0
697,1,1,0,0
197,7,0,0,0
89,1,0,0,0
582,8,1,0,0
181,4,0,0,0
363,5,0,0,0
962,9,1,1,0
797,3,1,0,0
221,6,1,1,1
598,4,1,1,0
638,10,0,0,0
81,10,1,0,0
448,8,1,1,0
622,10,1,0,0
684,9,0,0,0
584,2,0,0,0
838,8,1,0,0
178,4,1,0,0
613,1,0,0,0
146,5,0,0,0
371,6,0,0,0
507,6,0,0,0
921,8,1,0,0
342,4,0,0,0
170,8,0,0,0
134,9,0,0,0
445,9,1,0,0
958,9,1,0,0
854,5,1,0,0
72,2,0,0,0
730,7,1,1,1
773,2,1,0,0
260,8,1,0,0
806,10,0,0,0
701,5,1,0,0
81,1,0,0,0
508,2,1,0,0
955,4,0,0,0
678,3,0,0,0
571,9,1,1,0
625,8,1,0,0
340,9,0,0,0
193,2,1,1,0
788,6,1,0,0
760,2,0,0,0
354,9,0,0,0
993,1,1,1,1
565,1,0,0,0
890,10,1,1,0
325,2,0,0,0
299,1,1,0,0
572,6,1,0,0
682,2,0,0,0
691,5,0,0,0
733,3,1,0,0
803,7,1,0,0
824,7,1,1,1
328,5,1,0,0
717,10,0,0,0
293,6,0,0,0
615,7,0,0,0
868,5,0,0,0
260,1,0,0,0
465,5,0,0,0
952,10,1,1,0
346,3,1,0,0
970,7,1,0,0
20,10,0,0,0
562,9,0,0,0
170,3,0,0,0
788,7,1,0,0
164,9,1,1,0
620,8,0,0,0
166,1,0,0,0
16,10,1,0,0
367,2,1,0,0
77,8,1,0,0
242,2,1,0,0
359,4,1,1,0
511,10,0,0,0
316,4,1,1,0
944,6,1,0,0
479,2,1,1,0
332,4,1,1,0
233,1,0,0,0
205,3,0,0,0
590,7,1,0,0
258,2,1,0,0
947,4,0,0,0
946,2,0,0,0
233,10,1,1,0
769,5,1,0,0
145,7,0,0,0
905,4,1,1,0
608,10,0,0,0
212,5,0,0,0
253,2,0,0,0
656,6,1,0,0
880,7,0,0,0
213,7,1,0,0
929,4,1,0,0
333,3,1,1,0
528,3,0,0,0
143,6,0,0,0
851,5,0,0,0
844,10,1,0,0
582,4,1,0,0
417,6,1,0,0
563,4,1,0,0
355,3,0,0,0
686,10,0,0,0
302,1,1,1,0
952,2,1,1,1
268,8,1,1,1
9,8,0,0,0
146,8,1,1,0
982,4,0,0,0
259,2,1,0,0
692,6,0,0,0
390,10,0,0,0
957,5,1,1,0
476,3,0,0,0
192,7,0,0,0
964,5,1,0,0
397,8,0,0,0
968,8,1,0,0
314,7,1,0,0
950,3,1,0,0
419,4,1,0,0
914,2,0,0,0
212,4,0,0,0
500,10,0,0,0
832,2,0,0,0
428,8,1,1,0
618,10,0,0,0
290,10,1,1,0
878,9,0,0,0
364,7,1,1,0
999,7,0,0,0
816,4,0,0,0
335,3,1,0,0
902,3,1,1,0
994,9,0,0,0
728,7,1,0,0
315,2,0,0,0
580,7,0,0,0
630,3,1,1,0
162,6,0,0,0
48,9,1,0,0
45,7,1,0,0
196,1,0,0,0
293,8,0,0,0
81,3,0,0,0
141,8,0,0,0
26,3,0,0,0
895,9,0,0,0
853,6,1,0,0
711,3,0,0,0
976,1,0,0,0
809,4,1,1,1
381,9,0,0,0
228,4,0,0,0
981,4,1,1,0
481,4,1,0,0
450,9,1,0,0
449,9,1,0,0
252,7,0,0,0
651,9,0,0,0
393,7,1,1,0
267,9,1,1,0
25,7,1,1,0
840,1,0,0,0
317,9,1,0,0
630,2,1,0,0
605,9,1,1,1
65,4,0,0,0
778,1,0,0,0
600,2,1,1,0
594,9,1,0,0
773,2,0,0,0
256,4,1,0,0
641,6,0,0,0
466,5,0,0,0
245,3,1,1,0
171,10,1,1,0
146,9,0,0,0
666,5,1,0,0
816,7,0,0,0
691,7,0,0,0
701,7,0,0,0
280,1,0,0,0
118,7,1,0,0
136,4,0,0,0
201,8,0,0,0
922,6,0,0,0
302,2,1,0,0
249,8,0,0,0
180,7,1,0,0
126,6,1,0,0
369,9,0,0,0
540,6,0,0,0
822,7,0,0,0
323,8,0,0,0
819,2,0,0,0
732,7,1,1,0
282,8,1,0,0
843,4,0,0,0
702,10,0,0,0
812,2,0,0,0
909,3,0,0,0
963,6,0,0,0
860,2,1,0,0
938,2,1,0,0
97,5,0,0,0
764,6,1,1,1
912,6,0,0,0
523,10,1,0,0
100,5,0,0,0
551,2,0,0,0
710,4,0,0,0
832,2,1,0,0
392,7,1,0,0
147,8,0,0,0
407,9,0,0,0
475,9,0,0,0
525,8,1,0,0
559,2,0,0,0
865,9,0,0,0
315,8,0,0,0
357,2,1,0,0
664,5,0,0,0
643,9,1,1,1
190,9,0,0,0
965,2,0,0,0
117,2,0,0,0
177,5,1,0,0
851,5,0,0,0
22,5,0,0,0
546,10,1,1,0
423,4,1,1,0
857,1,1,0,0
953,2,0,0,0
738,10,1,0,0
253,5,0,0,0
634,6,1,1,0
683,2,0,0,0
645,1,0,0,0
27,8,0,0,0
73,8,1,0,0
397,2,0,0,0
412,9,1,0,0
319,9,1,0,0
816,1,0,0,0
536,2,1,1,0
548,7,0,0,0
232,5,1,0,0
58,6,1,0,0
872,5,1,0,0
176,2,1,0,0
800,10,0,0,0
666,7,1,0,0
27,10,0,0,0
418,1,0,0,0
944,5,1,0,0
489,3,0,0,0
70,10,0,0,0
65,8,0,0,0
716,7,0,0,0
540,7,1,0,0
838,8,0,0,0
103,9,0,0,0
590,4,1,0,0
257,1,1,0,0
798,6,1,0,0
163,7,1,1,0
355,7,1,0,0
405,7,1,1,0
344,8,1,0,0
995,2,0,0,0
144,1,0,0,0
673,1,1,1,0
787,10,1,0,0
784,6,0,0,0
604,3,1,0,0
348,3,1,1,0
81,6,1,0,0
729,4,0,0,0
356,10,0,0,0
861,9,1,0,0
779,9,1,1,0
770,1,0,0,0
165,10,1,1,0
223,3,1,0,0
708,1,0,0,0
730,4,0,0,0
923,10,0,0,0
10,10,0,0,0
288,1,0,0,0
254,8,0,0,0
754,10,1,1,0
109,5,0,0,0
897,6,0,0,0
855,6,1,1,1
39,10,1,0,0
626,6,0,0,0
147,8,0,0,0
278,7,0,0,0
405,10,0,0,0
797,10,0,0,0
529,4,0,0,0
544,9,1,0,0
390,3,0,0,0
972,7,1,0,0
423,4,0,0,0
688,8,1,0,0
467,8,0,0,0
946,10,1,1,0
808,3,1,0,0
367,5,1,0,0
558,2,1,0,0
336,3,1,1,1
484,1,1,0,0
998,8,1,1,0
